timestamp, index, name, driver_version, memory.total [MiB], memory.used [MiB], utilization.gpu [%], power.draw [W]
2026/09/29 18:04:11.423, 0, NVIDIA B200, 580.173.02, 183359 MiB, 0 MiB, 0 %, 143.38 W
2026/09/29 18:04:11.423, 1, NVIDIA B200, 580.173.02, 183359 MiB, 0 MiB, 0 %, 139.78 W
2026/09/29 18:04:11.423, 2, NVIDIA B200, 580.173.02, 183359 MiB, 0 MiB, 0 %, 138.57 W
2026/09/29 18:04:11.423, 3, NVIDIA B200, 580.173.02, 183359 MiB, 0 MiB, 0 %, 138.87 W
2026/09/29 18:04:11.423, 4, NVIDIA B200, 580.173.02, 183359 MiB, 81946 MiB, 0 %, 210.00 W
2026/09/29 18:04:11.423, 5, NVIDIA B200, 580.173.02, 183359 MiB, 82136 MiB, 0 %, 201.78 W
2026/09/29 18:04:11.423, 6, NVIDIA B200, 580.173.02, 183359 MiB, 82024 MiB, 0 %, 209.43 W
2026/09/29 18:04:11.423, 7, NVIDIA B200, 580.173.02, 183359 MiB, 81910 MiB, 25 %, 230.57 W
2026/09/29 18:04:12.423, 0, NVIDIA B200, 580.173.02, 183359 MiB, 0 MiB, 0 %, 143.19 W
2026/09/29 18:04:12.423, 1, NVIDIA B200, 580.173.02, 183359 MiB, 0 MiB, 0 %, 139.58 W
2026/09/29 18:04:12.423, 2, NVIDIA B200, 580.173.02, 183359 MiB, 0 MiB, 0 %, 138.42 W
2026/09/29 18:04:12.423, 3, NVIDIA B200, 580.173.02, 183359 MiB, 0 MiB, 0 %, 138.73 W
2026/09/29 18:04:12.423, 4, NVIDIA B200, 580.173.02, 183359 MiB, 81946 MiB, 74 %, 738.50 W
2026/09/29 18:04:12.423, 5, NVIDIA B200, 580.173.02, 183359 MiB, 82156 MiB, 96 %, 749.14 W
2026/09/29 18:04:12.423, 6, NVIDIA B200, 580.173.02, 183359 MiB, 82040 MiB, 100 %, 754.54 W
2026/09/29 18:04:12.423, 7, NVIDIA B200, 580.173.02, 183359 MiB, 81910 MiB, 100 %, 751.02 W
2026/09/29 18:04:13.424, 0, NVIDIA B200, 580.173.02, 183359 MiB, 0 MiB, 0 %, 143.28 W
2026/09/29 18:04:13.424, 1, NVIDIA B200, 580.173.02, 183359 MiB, 0 MiB, 0 %, 139.65 W
2026/09/29 18:04:13.424, 2, NVIDIA B200, 580.173.02, 183359 MiB, 0 MiB, 0 %, 138.40 W
2026/09/29 18:04:13.424, 3, NVIDIA B200, 580.173.02, 183359 MiB, 0 MiB, 0 %, 138.85 W
2026/09/29 18:04:13.424, 4, NVIDIA B200, 580.173.02, 183359 MiB, 81946 MiB, 100 %, 981.73 W
2026/09/29 18:04:13.424, 5, NVIDIA B200, 580.173.02, 183359 MiB, 82166 MiB, 100 %, 979.20 W
2026/09/29 18:04:13.424, 6, NVIDIA B200, 580.173.02, 183359 MiB, 82050 MiB, 100 %, 978.85 W
2026/09/29 18:04:13.424, 7, NVIDIA B200, 580.173.02, 183359 MiB, 81910 MiB, 100 %, 978.68 W
2026/09/29 18:04:14.424, 0, NVIDIA B200, 580.173.02, 183359 MiB, 0 MiB, 0 %, 143.22 W
2026/09/29 18:04:14.424, 1, NVIDIA B200, 580.173.02, 183359 MiB, 0 MiB, 0 %, 139.60 W
2026/09/29 18:04:14.424, 2, NVIDIA B200, 580.173.02, 183359 MiB, 0 MiB, 0 %, 138.35 W
2026/09/29 18:04:14.424, 3, NVIDIA B200, 580.173.02, 183359 MiB, 0 MiB, 0 %, 138.83 W
2026/09/29 18:04:14.424, 4, NVIDIA B200, 580.173.02, 183359 MiB, 81946 MiB, 0 %, 259.21 W
2026/09/29 18:04:14.424, 5, NVIDIA B200, 580.173.02, 183359 MiB, 82166 MiB, 0 %, 242.73 W
2026/09/29 18:04:14.424, 6, NVIDIA B200, 580.173.02, 183359 MiB, 82050 MiB, 0 %, 250.64 W
2026/09/29 18:04:14.424, 7, NVIDIA B200, 580.173.02, 183359 MiB, 81910 MiB, 0 %, 222.21 W
2026/09/29 18:04:15.424, 0, NVIDIA B200, 580.173.02, 183359 MiB, 0 MiB, 0 %, 143.34 W
2026/09/29 18:04:15.424, 1, NVIDIA B200, 580.173.02, 183359 MiB, 0 MiB, 0 %, 139.55 W
2026/09/29 18:04:15.424, 2, NVIDIA B200, 580.173.02, 183359 MiB, 0 MiB, 0 %, 138.31 W
2026/09/29 18:04:15.424, 3, NVIDIA B200, 580.173.02, 183359 MiB, 0 MiB, 0 %, 138.84 W
2026/09/29 18:04:15.424, 4, NVIDIA B200, 580.173.02, 183359 MiB, 81946 MiB, 95 %, 628.92 W
2026/09/29 18:04:15.425, 5, NVIDIA B200, 580.173.02, 183359 MiB, 82166 MiB, 95 %, 613.35 W
2026/09/29 18:04:15.425, 6, NVIDIA B200, 580.173.02, 183359 MiB, 82050 MiB, 94 %, 620.93 W
2026/09/29 18:04:15.425, 7, NVIDIA B200, 580.173.02, 183359 MiB, 81910 MiB, 77 %, 618.41 W
2026/09/29 18:04:16.425, 0, NVIDIA B200, 580.173.02, 183359 MiB, 0 MiB, 0 %, 143.31 W
2026/09/29 18:04:16.425, 1, NVIDIA B200, 580.173.02, 183359 MiB, 0 MiB, 0 %, 139.81 W
2026/09/29 18:04:16.425, 2, NVIDIA B200, 580.173.02, 183359 MiB, 0 MiB, 0 %, 138.54 W
2026/09/29 18:04:16.425, 3, NVIDIA B200, 580.173.02, 183359 MiB, 0 MiB, 0 %, 138.88 W
2026/09/29 18:04:16.425, 4, NVIDIA B200, 580.173.02, 183359 MiB, 81978 MiB, 100 %, 950.75 W
2026/09/29 18:04:16.425, 5, NVIDIA B200, 580.173.02, 183359 MiB, 82166 MiB, 100 %, 952.41 W
2026/09/29 18:04:16.425, 6, NVIDIA B200, 580.173.02, 183359 MiB, 82054 MiB, 100 %, 965.38 W
2026/09/29 18:04:16.425, 7, NVIDIA B200, 580.173.02, 183359 MiB, 81914 MiB, 100 %, 982.09 W
2026/09/29 18:04:17.425, 0, NVIDIA B200, 580.173.02, 183359 MiB, 0 MiB, 0 %, 143.21 W
2026/09/29 18:04:17.425, 1, NVIDIA B200, 580.173.02, 183359 MiB, 0 MiB, 0 %, 139.63 W
2026/09/29 18:04:17.425, 2, NVIDIA B200, 580.173.02, 183359 MiB, 0 MiB, 0 %, 138.37 W
2026/09/29 18:04:17.425, 3, NVIDIA B200, 580.173.02, 183359 MiB, 0 MiB, 0 %, 138.80 W
2026/09/29 18:04:17.425, 4, NVIDIA B200, 580.173.02, 183359 MiB, 81978 MiB, 0 %, 411.95 W
2026/09/29 18:04:17.425, 5, NVIDIA B200, 580.173.02, 183359 MiB, 82166 MiB, 0 %, 391.95 W
2026/09/29 18:04:17.425, 6, NVIDIA B200, 580.173.02, 183359 MiB, 82054 MiB, 0 %, 405.39 W
2026/09/29 18:04:17.425, 7, NVIDIA B200, 580.173.02, 183359 MiB, 81914 MiB, 0 %, 377.08 W
2026/09/29 18:04:18.425, 0, NVIDIA B200, 580.173.02, 183359 MiB, 0 MiB, 0 %, 143.25 W
2026/09/29 18:04:18.426, 1, NVIDIA B200, 580.173.02, 183359 MiB, 0 MiB, 0 %, 139.62 W
2026/09/29 18:04:18.426, 2, NVIDIA B200, 580.173.02, 183359 MiB, 0 MiB, 0 %, 138.49 W
2026/09/29 18:04:18.426, 3, NVIDIA B200, 580.173.02, 183359 MiB, 0 MiB, 0 %, 138.71 W
2026/09/29 18:04:18.426, 4, NVIDIA B200, 580.173.02, 183359 MiB, 81978 MiB, 94 %, 588.49 W
2026/09/29 18:04:18.426, 5, NVIDIA B200, 580.173.02, 183359 MiB, 82166 MiB, 95 %, 540.02 W
2026/09/29 18:04:18.426, 6, NVIDIA B200, 580.173.02, 183359 MiB, 82054 MiB, 94 %, 536.10 W
2026/09/29 18:04:18.426, 7, NVIDIA B200, 580.173.02, 183359 MiB, 81914 MiB, 95 %, 547.40 W
2026/09/29 18:04:19.426, 0, NVIDIA B200, 580.173.02, 183359 MiB, 0 MiB, 0 %, 143.15 W
2026/09/29 18:04:19.426, 1, NVIDIA B200, 580.173.02, 183359 MiB, 0 MiB, 0 %, 139.64 W
2026/09/29 18:04:19.426, 2, NVIDIA B200, 580.173.02, 183359 MiB, 0 MiB, 0 %, 138.44 W
2026/09/29 18:04:19.426, 3, NVIDIA B200, 580.173.02, 183359 MiB, 0 MiB, 0 %, 138.74 W
2026/09/29 18:04:19.426, 4, NVIDIA B200, 580.173.02, 183359 MiB, 81978 MiB, 100 %, 876.42 W
2026/09/29 18:04:19.426, 5, NVIDIA B200, 580.173.02, 183359 MiB, 82166 MiB, 100 %, 924.73 W
2026/09/29 18:04:19.426, 6, NVIDIA B200, 580.173.02, 183359 MiB, 82054 MiB, 100 %, 932.93 W
2026/09/29 18:04:19.426, 7, NVIDIA B200, 580.173.02, 183359 MiB, 81914 MiB, 100 %, 924.84 W
2026/09/29 18:04:20.426, 0, NVIDIA B200, 580.173.02, 183359 MiB, 0 MiB, 0 %, 143.24 W
2026/09/29 18:04:20.426, 1, NVIDIA B200, 580.173.02, 183359 MiB, 0 MiB, 0 %, 139.57 W
2026/09/29 18:04:20.426, 2, NVIDIA B200, 580.173.02, 183359 MiB, 0 MiB, 0 %, 138.33 W
2026/09/29 18:04:20.426, 3, NVIDIA B200, 580.173.02, 183359 MiB, 0 MiB, 0 %, 138.76 W
2026/09/29 18:04:20.426, 4, NVIDIA B200, 580.173.02, 183359 MiB, 81978 MiB, 0 %, 513.18 W
2026/09/29 18:04:20.426, 5, NVIDIA B200, 580.173.02, 183359 MiB, 82166 MiB, 0 %, 512.52 W
2026/09/29 18:04:20.426, 6, NVIDIA B200, 580.173.02, 183359 MiB, 82054 MiB, 0 %, 516.48 W
2026/09/29 18:04:20.426, 7, NVIDIA B200, 580.173.02, 183359 MiB, 81914 MiB, 0 %, 476.16 W
2026/09/29 18:04:21.427, 0, NVIDIA B200, 580.173.02, 183359 MiB, 0 MiB, 0 %, 143.34 W
2026/09/29 18:04:21.427, 1, NVIDIA B200, 580.173.02, 183359 MiB, 0 MiB, 0 %, 139.73 W
2026/09/29 18:04:21.427, 2, NVIDIA B200, 580.173.02, 183359 MiB, 0 MiB, 0 %, 138.45 W
2026/09/29 18:04:21.427, 3, NVIDIA B200, 580.173.02, 183359 MiB, 0 MiB, 0 %, 138.94 W
2026/09/29 18:04:21.427, 4, NVIDIA B200, 580.173.02, 183359 MiB, 81978 MiB, 95 %, 479.24 W
2026/09/29 18:04:21.427, 5, NVIDIA B200, 580.173.02, 183359 MiB, 82166 MiB, 95 %, 456.35 W
2026/09/29 18:04:21.427, 6, NVIDIA B200, 580.173.02, 183359 MiB, 82054 MiB, 95 %, 480.57 W
2026/09/29 18:04:21.427, 7, NVIDIA B200, 580.173.02, 183359 MiB, 81914 MiB, 95 %, 506.88 W
2026/09/29 18:04:22.427, 0, NVIDIA B200, 580.173.02, 183359 MiB, 0 MiB, 0 %, 143.16 W
2026/09/29 18:04:22.427, 1, NVIDIA B200, 580.173.02, 183359 MiB, 0 MiB, 0 %, 139.59 W
2026/09/29 18:04:22.427, 2, NVIDIA B200, 580.173.02, 183359 MiB, 0 MiB, 0 %, 138.41 W
2026/09/29 18:04:22.427, 3, NVIDIA B200, 580.173.02, 183359 MiB, 0 MiB, 0 %, 138.78 W
2026/09/29 18:04:22.427, 4, NVIDIA B200, 580.173.02, 183359 MiB, 81978 MiB, 100 %, 893.30 W
2026/09/29 18:04:22.427, 5, NVIDIA B200, 580.173.02, 183359 MiB, 82166 MiB, 100 %, 895.00 W
2026/09/29 18:04:22.427, 6, NVIDIA B200, 580.173.02, 183359 MiB, 82054 MiB, 100 %, 893.03 W
2026/09/29 18:04:22.427, 7, NVIDIA B200, 580.173.02, 183359 MiB, 81914 MiB, 100 %, 875.64 W
2026/09/29 18:04:23.427, 0, NVIDIA B200, 580.173.02, 183359 MiB, 0 MiB, 0 %, 143.28 W
2026/09/29 18:04:23.427, 1, NVIDIA B200, 580.173.02, 183359 MiB, 0 MiB, 0 %, 139.63 W
2026/09/29 18:04:23.427, 2, NVIDIA B200, 580.173.02, 183359 MiB, 0 MiB, 0 %, 138.36 W
2026/09/29 18:04:23.427, 3, NVIDIA B200, 580.173.02, 183359 MiB, 0 MiB, 0 %, 138.74 W
2026/09/29 18:04:23.427, 4, NVIDIA B200, 580.173.02, 183359 MiB, 81978 MiB, 0 %, 625.63 W
2026/09/29 18:04:23.427, 5, NVIDIA B200, 580.173.02, 183359 MiB, 82166 MiB, 0 %, 603.18 W
2026/09/29 18:04:23.427, 6, NVIDIA B200, 580.173.02, 183359 MiB, 82054 MiB, 0 %, 617.00 W
2026/09/29 18:04:23.427, 7, NVIDIA B200, 580.173.02, 183359 MiB, 81914 MiB, 0 %, 575.93 W
2026/09/29 18:04:24.428, 0, NVIDIA B200, 580.173.02, 183359 MiB, 0 MiB, 0 %, 143.17 W
2026/09/29 18:04:24.428, 1, NVIDIA B200, 580.173.02, 183359 MiB, 0 MiB, 0 %, 139.60 W
2026/09/29 18:04:24.428, 2, NVIDIA B200, 580.173.02, 183359 MiB, 0 MiB, 0 %, 138.34 W
2026/09/29 18:04:24.428, 3, NVIDIA B200, 580.173.02, 183359 MiB, 0 MiB, 0 %, 138.77 W
2026/09/29 18:04:24.428, 4, NVIDIA B200, 580.173.02, 183359 MiB, 81978 MiB, 67 %, 377.04 W
2026/09/29 18:04:24.428, 5, NVIDIA B200, 580.173.02, 183359 MiB, 82166 MiB, 95 %, 385.83 W
2026/09/29 18:04:24.428, 6, NVIDIA B200, 580.173.02, 183359 MiB, 82054 MiB, 95 %, 399.60 W
2026/09/29 18:04:24.428, 7, NVIDIA B200, 580.173.02, 183359 MiB, 81914 MiB, 95 %, 394.49 W
2026/09/29 18:04:25.428, 0, NVIDIA B200, 580.173.02, 183359 MiB, 0 MiB, 0 %, 143.26 W
2026/09/29 18:04:25.428, 1, NVIDIA B200, 580.173.02, 183359 MiB, 0 MiB, 0 %, 139.67 W
2026/09/29 18:04:25.428, 2, NVIDIA B200, 580.173.02, 183359 MiB, 0 MiB, 0 %, 138.38 W
2026/09/29 18:04:25.428, 3, NVIDIA B200, 580.173.02, 183359 MiB, 0 MiB, 0 %, 138.79 W
2026/09/29 18:04:25.428, 4, NVIDIA B200, 580.173.02, 183359 MiB, 81978 MiB, 91 %, 852.15 W
2026/09/29 18:04:25.428, 5, NVIDIA B200, 580.173.02, 183359 MiB, 82166 MiB, 84 %, 839.80 W
2026/09/29 18:04:25.428, 6, NVIDIA B200, 580.173.02, 183359 MiB, 82054 MiB, 97 %, 847.67 W
2026/09/29 18:04:25.428, 7, NVIDIA B200, 580.173.02, 183359 MiB, 81914 MiB, 100 %, 871.99 W
2026/09/29 18:04:26.428, 0, NVIDIA B200, 580.173.02, 183359 MiB, 0 MiB, 0 %, 143.34 W
2026/09/29 18:04:26.428, 1, NVIDIA B200, 580.173.02, 183359 MiB, 0 MiB, 0 %, 139.72 W
2026/09/29 18:04:26.428, 2, NVIDIA B200, 580.173.02, 183359 MiB, 0 MiB, 0 %, 138.50 W
2026/09/29 18:04:26.428, 3, NVIDIA B200, 580.173.02, 183359 MiB, 0 MiB, 0 %, 138.87 W
2026/09/29 18:04:26.428, 4, NVIDIA B200, 580.173.02, 183359 MiB, 81978 MiB, 0 %, 742.47 W
2026/09/29 18:04:26.428, 5, NVIDIA B200, 580.173.02, 183359 MiB, 82166 MiB, 0 %, 738.46 W
2026/09/29 18:04:26.428, 6, NVIDIA B200, 580.173.02, 183359 MiB, 82054 MiB, 0 %, 737.86 W
2026/09/29 18:04:26.428, 7, NVIDIA B200, 580.173.02, 183359 MiB, 81914 MiB, 0 %, 695.37 W
2026/09/29 18:04:27.429, 0, NVIDIA B200, 580.173.02, 183359 MiB, 0 MiB, 0 %, 143.16 W
2026/09/29 18:04:27.429, 1, NVIDIA B200, 580.173.02, 183359 MiB, 0 MiB, 0 %, 139.62 W
2026/09/29 18:04:27.429, 2, NVIDIA B200, 580.173.02, 183359 MiB, 0 MiB, 0 %, 138.33 W
2026/09/29 18:04:27.429, 3, NVIDIA B200, 580.173.02, 183359 MiB, 0 MiB, 0 %, 138.77 W
2026/09/29 18:04:27.429, 4, NVIDIA B200, 580.173.02, 183359 MiB, 81978 MiB, 57 %, 316.36 W
2026/09/29 18:04:27.429, 5, NVIDIA B200, 580.173.02, 183359 MiB, 82166 MiB, 47 %, 306.50 W
2026/09/29 18:04:27.429, 6, NVIDIA B200, 580.173.02, 183359 MiB, 82054 MiB, 95 %, 312.10 W
2026/09/29 18:04:27.429, 7, NVIDIA B200, 580.173.02, 183359 MiB, 81914 MiB, 95 %, 341.75 W
2026/09/29 18:04:28.429, 0, NVIDIA B200, 580.173.02, 183359 MiB, 0 MiB, 0 %, 143.31 W
2026/09/29 18:04:28.429, 1, NVIDIA B200, 580.173.02, 183359 MiB, 0 MiB, 0 %, 139.51 W
2026/09/29 18:04:28.429, 2, NVIDIA B200, 580.173.02, 183359 MiB, 0 MiB, 0 %, 138.37 W
2026/09/29 18:04:28.429, 3, NVIDIA B200, 580.173.02, 183359 MiB, 0 MiB, 0 %, 138.80 W
2026/09/29 18:04:28.429, 4, NVIDIA B200, 580.173.02, 183359 MiB, 81978 MiB, 100 %, 815.03 W
2026/09/29 18:04:28.429, 5, NVIDIA B200, 580.173.02, 183359 MiB, 82166 MiB, 100 %, 832.92 W
2026/09/29 18:04:28.429, 6, NVIDIA B200, 580.173.02, 183359 MiB, 82054 MiB, 100 %, 827.56 W
2026/09/29 18:04:28.429, 7, NVIDIA B200, 580.173.02, 183359 MiB, 81914 MiB, 89 %, 826.97 W
2026/09/29 18:04:29.429, 0, NVIDIA B200, 580.173.02, 183359 MiB, 0 MiB, 0 %, 143.23 W
2026/09/29 18:04:29.432, 1, NVIDIA B200, 580.173.02, 183359 MiB, 0 MiB, 0 %, 139.60 W
2026/09/29 18:04:29.432, 2, NVIDIA B200, 580.173.02, 183359 MiB, 0 MiB, 0 %, 138.43 W
2026/09/29 18:04:29.432, 3, NVIDIA B200, 580.173.02, 183359 MiB, 0 MiB, 0 %, 138.71 W
2026/09/29 18:04:29.432, 4, NVIDIA B200, 580.173.02, 183359 MiB, 81978 MiB, 72 %, 846.14 W
2026/09/29 18:04:29.432, 5, NVIDIA B200, 580.173.02, 183359 MiB, 82166 MiB, 45 %, 834.44 W
2026/09/29 18:04:29.432, 6, NVIDIA B200, 580.173.02, 183359 MiB, 82054 MiB, 0 %, 835.01 W
2026/09/29 18:04:29.432, 7, NVIDIA B200, 580.173.02, 183359 MiB, 81914 MiB, 0 %, 776.07 W
2026/09/29 18:04:30.432, 0, NVIDIA B200, 580.173.02, 183359 MiB, 0 MiB, 0 %, 143.27 W
2026/09/29 18:04:30.432, 1, NVIDIA B200, 580.173.02, 183359 MiB, 0 MiB, 0 %, 139.64 W
2026/09/29 18:04:30.432, 2, NVIDIA B200, 580.173.02, 183359 MiB, 0 MiB, 0 %, 138.45 W
2026/09/29 18:04:30.432, 3, NVIDIA B200, 580.173.02, 183359 MiB, 0 MiB, 0 %, 138.80 W
2026/09/29 18:04:30.432, 4, NVIDIA B200, 580.173.02, 183359 MiB, 81978 MiB, 0 %, 249.32 W
2026/09/29 18:04:30.432, 5, NVIDIA B200, 580.173.02, 183359 MiB, 82166 MiB, 5 %, 256.44 W
2026/09/29 18:04:30.432, 6, NVIDIA B200, 580.173.02, 183359 MiB, 82054 MiB, 5 %, 237.15 W
2026/09/29 18:04:30.432, 7, NVIDIA B200, 580.173.02, 183359 MiB, 81914 MiB, 89 %, 291.12 W
2026/09/29 18:04:31.432, 0, NVIDIA B200, 580.173.02, 183359 MiB, 0 MiB, 0 %, 143.30 W
2026/09/29 18:04:31.432, 1, NVIDIA B200, 580.173.02, 183359 MiB, 0 MiB, 0 %, 139.69 W
2026/09/29 18:04:31.432, 2, NVIDIA B200, 580.173.02, 183359 MiB, 0 MiB, 0 %, 138.56 W
2026/09/29 18:04:31.432, 3, NVIDIA B200, 580.173.02, 183359 MiB, 0 MiB, 0 %, 138.83 W
2026/09/29 18:04:31.433, 4, NVIDIA B200, 580.173.02, 183359 MiB, 81978 MiB, 100 %, 738.07 W
2026/09/29 18:04:31.433, 5, NVIDIA B200, 580.173.02, 183359 MiB, 82166 MiB, 99 %, 730.67 W
2026/09/29 18:04:31.433, 6, NVIDIA B200, 580.173.02, 183359 MiB, 82054 MiB, 100 %, 767.30 W
2026/09/29 18:04:31.433, 7, NVIDIA B200, 580.173.02, 183359 MiB, 81914 MiB, 100 %, 738.40 W
2026/09/29 18:04:32.433, 0, NVIDIA B200, 580.173.02, 183359 MiB, 0 MiB, 0 %, 143.18 W
2026/09/29 18:04:32.433, 1, NVIDIA B200, 580.173.02, 183359 MiB, 0 MiB, 0 %, 139.64 W
2026/09/29 18:04:32.433, 2, NVIDIA B200, 580.173.02, 183359 MiB, 0 MiB, 0 %, 138.38 W
2026/09/29 18:04:32.433, 3, NVIDIA B200, 580.173.02, 183359 MiB, 0 MiB, 0 %, 138.75 W
2026/09/29 18:04:32.433, 4, NVIDIA B200, 580.173.02, 183359 MiB, 81978 MiB, 100 %, 994.54 W
2026/09/29 18:04:32.433, 5, NVIDIA B200, 580.173.02, 183359 MiB, 82166 MiB, 100 %, 972.01 W
2026/09/29 18:04:32.433, 6, NVIDIA B200, 580.173.02, 183359 MiB, 82054 MiB, 100 %, 985.77 W
2026/09/29 18:04:32.433, 7, NVIDIA B200, 580.173.02, 183359 MiB, 81914 MiB, 100 %, 952.09 W
2026/09/29 18:04:33.433, 0, NVIDIA B200, 580.173.02, 183359 MiB, 0 MiB, 0 %, 143.25 W
2026/09/29 18:04:33.433, 1, NVIDIA B200, 580.173.02, 183359 MiB, 0 MiB, 0 %, 139.62 W
2026/09/29 18:04:33.433, 2, NVIDIA B200, 580.173.02, 183359 MiB, 0 MiB, 0 %, 138.36 W
2026/09/29 18:04:33.433, 3, NVIDIA B200, 580.173.02, 183359 MiB, 0 MiB, 0 %, 138.76 W
2026/09/29 18:04:33.433, 4, NVIDIA B200, 580.173.02, 183359 MiB, 81978 MiB, 0 %, 261.32 W
2026/09/29 18:04:33.433, 5, NVIDIA B200, 580.173.02, 183359 MiB, 82166 MiB, 0 %, 237.53 W
2026/09/29 18:04:33.433, 6, NVIDIA B200, 580.173.02, 183359 MiB, 82054 MiB, 0 %, 240.68 W
2026/09/29 18:04:33.433, 7, NVIDIA B200, 580.173.02, 183359 MiB, 81914 MiB, 0 %, 211.34 W
2026/09/29 18:04:34.434, 0, NVIDIA B200, 580.173.02, 183359 MiB, 0 MiB, 0 %, 143.18 W
2026/09/29 18:04:34.434, 1, NVIDIA B200, 580.173.02, 183359 MiB, 0 MiB, 0 %, 139.62 W
2026/09/29 18:04:34.434, 2, NVIDIA B200, 580.173.02, 183359 MiB, 0 MiB, 0 %, 138.32 W
2026/09/29 18:04:34.434, 3, NVIDIA B200, 580.173.02, 183359 MiB, 0 MiB, 0 %, 138.67 W
2026/09/29 18:04:34.434, 4, NVIDIA B200, 580.173.02, 183359 MiB, 81978 MiB, 95 %, 502.82 W
2026/09/29 18:04:34.434, 5, NVIDIA B200, 580.173.02, 183359 MiB, 82166 MiB, 95 %, 502.96 W
2026/09/29 18:04:34.434, 6, NVIDIA B200, 580.173.02, 183359 MiB, 82054 MiB, 93 %, 481.65 W
2026/09/29 18:04:34.434, 7, NVIDIA B200, 580.173.02, 183359 MiB, 81914 MiB, 95 %, 515.39 W
2026/09/29 18:04:35.434, 0, NVIDIA B200, 580.173.02, 183359 MiB, 0 MiB, 0 %, 143.25 W
2026/09/29 18:04:35.434, 1, NVIDIA B200, 580.173.02, 183359 MiB, 0 MiB, 0 %, 139.49 W
2026/09/29 18:04:35.434, 2, NVIDIA B200, 580.173.02, 183359 MiB, 0 MiB, 0 %, 138.40 W
2026/09/29 18:04:35.434, 3, NVIDIA B200, 580.173.02, 183359 MiB, 0 MiB, 0 %, 138.71 W
2026/09/29 18:04:35.434, 4, NVIDIA B200, 580.173.02, 183359 MiB, 81978 MiB, 100 %, 879.50 W
2026/09/29 18:04:35.434, 5, NVIDIA B200, 580.173.02, 183359 MiB, 82166 MiB, 100 %, 879.53 W
2026/09/29 18:04:35.434, 6, NVIDIA B200, 580.173.02, 183359 MiB, 82054 MiB, 100 %, 908.55 W
2026/09/29 18:04:35.434, 7, NVIDIA B200, 580.173.02, 183359 MiB, 81914 MiB, 100 %, 912.24 W
2026/09/29 18:04:36.434, 0, NVIDIA B200, 580.173.02, 183359 MiB, 0 MiB, 0 %, 143.31 W
2026/09/29 18:04:36.434, 1, NVIDIA B200, 580.173.02, 183359 MiB, 0 MiB, 0 %, 139.74 W
2026/09/29 18:04:36.434, 2, NVIDIA B200, 580.173.02, 183359 MiB, 0 MiB, 0 %, 138.58 W
2026/09/29 18:04:36.434, 3, NVIDIA B200, 580.173.02, 183359 MiB, 0 MiB, 0 %, 138.78 W
2026/09/29 18:04:36.434, 4, NVIDIA B200, 580.173.02, 183359 MiB, 81978 MiB, 0 %, 606.40 W
2026/09/29 18:04:36.434, 5, NVIDIA B200, 580.173.02, 183359 MiB, 82166 MiB, 0 %, 579.77 W
2026/09/29 18:04:36.434, 6, NVIDIA B200, 580.173.02, 183359 MiB, 82054 MiB, 0 %, 587.79 W
2026/09/29 18:04:36.434, 7, NVIDIA B200, 580.173.02, 183359 MiB, 81914 MiB, 0 %, 544.75 W
2026/09/29 18:04:37.435, 0, NVIDIA B200, 580.173.02, 183359 MiB, 0 MiB, 0 %, 143.18 W
2026/09/29 18:04:37.435, 1, NVIDIA B200, 580.173.02, 183359 MiB, 0 MiB, 0 %, 139.54 W
2026/09/29 18:04:37.435, 2, NVIDIA B200, 580.173.02, 183359 MiB, 0 MiB, 0 %, 138.42 W
2026/09/29 18:04:37.435, 3, NVIDIA B200, 580.173.02, 183359 MiB, 0 MiB, 0 %, 138.73 W
2026/09/29 18:04:37.435, 4, NVIDIA B200, 580.173.02, 183359 MiB, 81978 MiB, 91 %, 392.42 W
2026/09/29 18:04:37.435, 5, NVIDIA B200, 580.173.02, 183359 MiB, 82166 MiB, 95 %, 382.33 W
2026/09/29 18:04:37.435, 6, NVIDIA B200, 580.173.02, 183359 MiB, 82054 MiB, 94 %, 418.93 W
2026/09/29 18:04:37.435, 7, NVIDIA B200, 580.173.02, 183359 MiB, 81914 MiB, 95 %, 461.51 W
2026/09/29 18:04:38.435, 0, NVIDIA B200, 580.173.02, 183359 MiB, 0 MiB, 0 %, 143.29 W
2026/09/29 18:04:38.435, 1, NVIDIA B200, 580.173.02, 183359 MiB, 0 MiB, 0 %, 139.61 W
2026/09/29 18:04:38.435, 2, NVIDIA B200, 580.173.02, 183359 MiB, 0 MiB, 0 %, 138.41 W
2026/09/29 18:04:38.435, 3, NVIDIA B200, 580.173.02, 183359 MiB, 0 MiB, 0 %, 138.67 W
2026/09/29 18:04:38.435, 4, NVIDIA B200, 580.173.02, 183359 MiB, 81978 MiB, 88 %, 862.56 W
2026/09/29 18:04:38.435, 5, NVIDIA B200, 580.173.02, 183359 MiB, 82166 MiB, 83 %, 872.80 W
2026/09/29 18:04:38.435, 6, NVIDIA B200, 580.173.02, 183359 MiB, 82054 MiB, 98 %, 850.54 W
2026/09/29 18:04:38.435, 7, NVIDIA B200, 580.173.02, 183359 MiB, 81914 MiB, 100 %, 836.72 W
2026/09/29 18:04:39.435, 0, NVIDIA B200, 580.173.02, 183359 MiB, 0 MiB, 0 %, 143.24 W
2026/09/29 18:04:39.435, 1, NVIDIA B200, 580.173.02, 183359 MiB, 0 MiB, 0 %, 139.60 W
2026/09/29 18:04:39.435, 2, NVIDIA B200, 580.173.02, 183359 MiB, 0 MiB, 0 %, 138.39 W
2026/09/29 18:04:39.436, 3, NVIDIA B200, 580.173.02, 183359 MiB, 0 MiB, 0 %, 138.67 W
2026/09/29 18:04:39.436, 4, NVIDIA B200, 580.173.02, 183359 MiB, 81978 MiB, 0 %, 747.82 W
2026/09/29 18:04:39.436, 5, NVIDIA B200, 580.173.02, 183359 MiB, 82166 MiB, 0 %, 714.50 W
2026/09/29 18:04:39.436, 6, NVIDIA B200, 580.173.02, 183359 MiB, 82054 MiB, 0 %, 725.60 W
2026/09/29 18:04:39.436, 7, NVIDIA B200, 580.173.02, 183359 MiB, 81914 MiB, 0 %, 684.28 W
2026/09/29 18:04:40.436, 0, NVIDIA B200, 580.173.02, 183359 MiB, 0 MiB, 0 %, 143.25 W
2026/09/29 18:04:40.436, 1, NVIDIA B200, 580.173.02, 183359 MiB, 0 MiB, 0 %, 139.61 W
2026/09/29 18:04:40.436, 2, NVIDIA B200, 580.173.02, 183359 MiB, 0 MiB, 0 %, 138.39 W
2026/09/29 18:04:40.436, 3, NVIDIA B200, 580.173.02, 183359 MiB, 0 MiB, 0 %, 138.71 W
2026/09/29 18:04:40.436, 4, NVIDIA B200, 580.173.02, 183359 MiB, 81978 MiB, 33 %, 296.52 W
2026/09/29 18:04:40.436, 5, NVIDIA B200, 580.173.02, 183359 MiB, 82166 MiB, 64 %, 309.89 W
2026/09/29 18:04:40.436, 6, NVIDIA B200, 580.173.02, 183359 MiB, 82054 MiB, 92 %, 301.08 W
2026/09/29 18:04:40.436, 7, NVIDIA B200, 580.173.02, 183359 MiB, 81914 MiB, 66 %, 302.04 W
2026/09/29 18:04:41.436, 0, NVIDIA B200, 580.173.02, 183359 MiB, 0 MiB, 0 %, 143.31 W
2026/09/29 18:04:41.436, 1, NVIDIA B200, 580.173.02, 183359 MiB, 0 MiB, 0 %, 139.69 W
2026/09/29 18:04:41.436, 2, NVIDIA B200, 580.173.02, 183359 MiB, 0 MiB, 0 %, 138.43 W
2026/09/29 18:04:41.436, 3, NVIDIA B200, 580.173.02, 183359 MiB, 0 MiB, 0 %, 138.81 W
2026/09/29 18:04:41.436, 4, NVIDIA B200, 580.173.02, 183359 MiB, 81978 MiB, 100 %, 788.81 W
2026/09/29 18:04:41.436, 5, NVIDIA B200, 580.173.02, 183359 MiB, 82166 MiB, 100 %, 779.99 W
2026/09/29 18:04:41.436, 6, NVIDIA B200, 580.173.02, 183359 MiB, 82054 MiB, 100 %, 813.55 W
2026/09/29 18:04:41.436, 7, NVIDIA B200, 580.173.02, 183359 MiB, 81914 MiB, 100 %, 815.28 W
2026/09/29 18:04:42.437, 0, NVIDIA B200, 580.173.02, 183359 MiB, 0 MiB, 0 %, 143.13 W
2026/09/29 18:04:42.437, 1, NVIDIA B200, 580.173.02, 183359 MiB, 0 MiB, 0 %, 139.61 W
2026/09/29 18:04:42.437, 2, NVIDIA B200, 580.173.02, 183359 MiB, 0 MiB, 0 %, 138.30 W
2026/09/29 18:04:42.437, 3, NVIDIA B200, 580.173.02, 183359 MiB, 0 MiB, 0 %, 138.68 W
2026/09/29 18:04:42.437, 4, NVIDIA B200, 580.173.02, 183359 MiB, 81978 MiB, 100 %, 891.46 W
2026/09/29 18:04:42.437, 5, NVIDIA B200, 580.173.02, 183359 MiB, 82166 MiB, 100 %, 866.09 W
2026/09/29 18:04:42.437, 6, NVIDIA B200, 580.173.02, 183359 MiB, 82054 MiB, 60 %, 875.62 W
2026/09/29 18:04:42.437, 7, NVIDIA B200, 580.173.02, 183359 MiB, 81914 MiB, 7 %, 849.86 W
2026/09/29 18:04:43.437, 0, NVIDIA B200, 580.173.02, 183359 MiB, 0 MiB, 0 %, 143.23 W
2026/09/29 18:04:43.437, 1, NVIDIA B200, 580.173.02, 183359 MiB, 0 MiB, 0 %, 139.52 W
2026/09/29 18:04:43.437, 2, NVIDIA B200, 580.173.02, 183359 MiB, 0 MiB, 0 %, 138.37 W
2026/09/29 18:04:43.437, 3, NVIDIA B200, 580.173.02, 183359 MiB, 0 MiB, 0 %, 138.80 W
2026/09/29 18:04:43.437, 4, NVIDIA B200, 580.173.02, 183359 MiB, 81978 MiB, 0 %, 210.81 W
2026/09/29 18:04:43.437, 5, NVIDIA B200, 580.173.02, 183359 MiB, 82166 MiB, 0 %, 216.46 W
2026/09/29 18:04:43.437, 6, NVIDIA B200, 580.173.02, 183359 MiB, 82054 MiB, 0 %, 210.01 W
2026/09/29 18:04:43.437, 7, NVIDIA B200, 580.173.02, 183359 MiB, 81914 MiB, 5 %, 251.31 W
2026/09/29 18:04:44.437, 0, NVIDIA B200, 580.173.02, 183359 MiB, 0 MiB, 0 %, 143.28 W
2026/09/29 18:04:44.437, 1, NVIDIA B200, 580.173.02, 183359 MiB, 0 MiB, 0 %, 139.51 W
2026/09/29 18:04:44.437, 2, NVIDIA B200, 580.173.02, 183359 MiB, 0 MiB, 0 %, 138.37 W
2026/09/29 18:04:44.437, 3, NVIDIA B200, 580.173.02, 183359 MiB, 0 MiB, 0 %, 138.62 W
2026/09/29 18:04:44.437, 4, NVIDIA B200, 580.173.02, 183359 MiB, 81978 MiB, 60 %, 751.34 W
2026/09/29 18:04:44.437, 5, NVIDIA B200, 580.173.02, 183359 MiB, 82166 MiB, 86 %, 761.05 W
2026/09/29 18:04:44.437, 6, NVIDIA B200, 580.173.02, 183359 MiB, 82054 MiB, 100 %, 779.26 W
2026/09/29 18:04:44.437, 7, NVIDIA B200, 580.173.02, 183359 MiB, 81914 MiB, 100 %, 780.53 W
2026/09/29 18:04:45.438, 0, NVIDIA B200, 580.173.02, 183359 MiB, 0 MiB, 0 %, 143.20 W
2026/09/29 18:04:45.438, 1, NVIDIA B200, 580.173.02, 183359 MiB, 0 MiB, 0 %, 139.62 W
2026/09/29 18:04:45.438, 2, NVIDIA B200, 580.173.02, 183359 MiB, 0 MiB, 0 %, 138.43 W
2026/09/29 18:04:45.438, 3, NVIDIA B200, 580.173.02, 183359 MiB, 0 MiB, 0 %, 138.75 W
2026/09/29 18:04:45.438, 4, NVIDIA B200, 580.173.02, 183359 MiB, 81978 MiB, 100 %, 987.09 W
2026/09/29 18:04:45.438, 5, NVIDIA B200, 580.173.02, 183359 MiB, 82166 MiB, 100 %, 975.97 W
2026/09/29 18:04:45.438, 6, NVIDIA B200, 580.173.02, 183359 MiB, 82054 MiB, 100 %, 981.00 W
2026/09/29 18:04:45.438, 7, NVIDIA B200, 580.173.02, 183359 MiB, 81914 MiB, 100 %, 957.84 W
2026/09/29 18:04:46.438, 0, NVIDIA B200, 580.173.02, 183359 MiB, 0 MiB, 0 %, 143.29 W
2026/09/29 18:04:46.438, 1, NVIDIA B200, 580.173.02, 183359 MiB, 0 MiB, 0 %, 139.70 W
2026/09/29 18:04:46.438, 2, NVIDIA B200, 580.173.02, 183359 MiB, 0 MiB, 0 %, 138.55 W
2026/09/29 18:04:46.438, 3, NVIDIA B200, 580.173.02, 183359 MiB, 0 MiB, 0 %, 138.81 W
2026/09/29 18:04:46.438, 4, NVIDIA B200, 580.173.02, 183359 MiB, 81978 MiB, 0 %, 276.70 W
2026/09/29 18:04:46.438, 5, NVIDIA B200, 580.173.02, 183359 MiB, 82166 MiB, 0 %, 229.74 W
2026/09/29 18:04:46.438, 6, NVIDIA B200, 580.173.02, 183359 MiB, 82054 MiB, 0 %, 236.66 W
2026/09/29 18:04:46.438, 7, NVIDIA B200, 580.173.02, 183359 MiB, 81914 MiB, 0 %, 207.30 W
2026/09/29 18:04:47.438, 0, NVIDIA B200, 580.173.02, 183359 MiB, 0 MiB, 0 %, 143.20 W
2026/09/29 18:04:47.438, 1, NVIDIA B200, 580.173.02, 183359 MiB, 0 MiB, 0 %, 139.55 W
2026/09/29 18:04:47.438, 2, NVIDIA B200, 580.173.02, 183359 MiB, 0 MiB, 0 %, 138.32 W
2026/09/29 18:04:47.439, 3, NVIDIA B200, 580.173.02, 183359 MiB, 0 MiB, 0 %, 138.71 W
2026/09/29 18:04:47.439, 4, NVIDIA B200, 580.173.02, 183359 MiB, 81978 MiB, 95 %, 624.95 W
2026/09/29 18:04:47.439, 5, NVIDIA B200, 580.173.02, 183359 MiB, 82166 MiB, 95 %, 652.30 W
2026/09/29 18:04:47.439, 6, NVIDIA B200, 580.173.02, 183359 MiB, 82054 MiB, 89 %, 666.62 W
2026/09/29 18:04:47.439, 7, NVIDIA B200, 580.173.02, 183359 MiB, 81914 MiB, 76 %, 709.36 W
2026/09/29 18:04:48.439, 0, NVIDIA B200, 580.173.02, 183359 MiB, 0 MiB, 0 %, 143.18 W
2026/09/29 18:04:48.439, 1, NVIDIA B200, 580.173.02, 183359 MiB, 0 MiB, 0 %, 139.52 W
2026/09/29 18:04:48.439, 2, NVIDIA B200, 580.173.02, 183359 MiB, 0 MiB, 0 %, 138.43 W
2026/09/29 18:04:48.439, 3, NVIDIA B200, 580.173.02, 183359 MiB, 0 MiB, 0 %, 138.70 W
2026/09/29 18:04:48.439, 4, NVIDIA B200, 580.173.02, 183359 MiB, 81978 MiB, 100 %, 998.16 W
2026/09/29 18:04:48.439, 5, NVIDIA B200, 580.173.02, 183359 MiB, 82166 MiB, 100 %, 988.20 W
2026/09/29 18:04:48.439, 6, NVIDIA B200, 580.173.02, 183359 MiB, 82054 MiB, 100 %, 988.19 W
2026/09/29 18:04:48.439, 7, NVIDIA B200, 580.173.02, 183359 MiB, 81914 MiB, 100 %, 985.94 W
2026/09/29 18:04:49.439, 0, NVIDIA B200, 580.173.02, 183359 MiB, 0 MiB, 0 %, 143.20 W
2026/09/29 18:04:49.450, 1, NVIDIA B200, 580.173.02, 183359 MiB, 0 MiB, 0 %, 139.66 W
2026/09/29 18:04:49.450, 2, NVIDIA B200, 580.173.02, 183359 MiB, 0 MiB, 0 %, 138.40 W
2026/09/29 18:04:49.450, 3, NVIDIA B200, 580.173.02, 183359 MiB, 0 MiB, 0 %, 138.74 W
2026/09/29 18:04:49.450, 4, NVIDIA B200, 580.173.02, 183359 MiB, 81978 MiB, 0 %, 360.63 W
2026/09/29 18:04:49.450, 5, NVIDIA B200, 580.173.02, 183359 MiB, 82166 MiB, 0 %, 331.29 W
2026/09/29 18:04:49.450, 6, NVIDIA B200, 580.173.02, 183359 MiB, 82054 MiB, 0 %, 326.09 W
2026/09/29 18:04:49.450, 7, NVIDIA B200, 580.173.02, 183359 MiB, 81914 MiB, 0 %, 286.37 W
2026/09/29 18:04:50.450, 0, NVIDIA B200, 580.173.02, 183359 MiB, 0 MiB, 0 %, 143.29 W
2026/09/29 18:04:50.450, 1, NVIDIA B200, 580.173.02, 183359 MiB, 0 MiB, 0 %, 139.64 W
2026/09/29 18:04:50.450, 2, NVIDIA B200, 580.173.02, 183359 MiB, 0 MiB, 0 %, 138.41 W
2026/09/29 18:04:50.450, 3, NVIDIA B200, 580.173.02, 183359 MiB, 0 MiB, 0 %, 138.74 W
2026/09/29 18:04:50.450, 4, NVIDIA B200, 580.173.02, 183359 MiB, 81978 MiB, 95 %, 578.18 W
2026/09/29 18:04:50.450, 5, NVIDIA B200, 580.173.02, 183359 MiB, 82166 MiB, 95 %, 612.86 W
2026/09/29 18:04:50.450, 6, NVIDIA B200, 580.173.02, 183359 MiB, 82054 MiB, 95 %, 588.78 W
2026/09/29 18:04:50.450, 7, NVIDIA B200, 580.173.02, 183359 MiB, 81914 MiB, 62 %, 610.45 W
2026/09/29 18:04:51.450, 0, NVIDIA B200, 580.173.02, 183359 MiB, 0 MiB, 0 %, 143.39 W
2026/09/29 18:04:51.450, 1, NVIDIA B200, 580.173.02, 183359 MiB, 0 MiB, 0 %, 139.71 W
2026/09/29 18:04:51.450, 2, NVIDIA B200, 580.173.02, 183359 MiB, 0 MiB, 0 %, 138.52 W
2026/09/29 18:04:51.450, 3, NVIDIA B200, 580.173.02, 183359 MiB, 0 MiB, 0 %, 138.92 W
2026/09/29 18:04:51.450, 4, NVIDIA B200, 580.173.02, 183359 MiB, 81978 MiB, 100 %, 952.01 W
2026/09/29 18:04:51.450, 5, NVIDIA B200, 580.173.02, 183359 MiB, 82166 MiB, 100 %, 928.33 W
2026/09/29 18:04:51.450, 6, NVIDIA B200, 580.173.02, 183359 MiB, 82054 MiB, 100 %, 953.21 W
2026/09/29 18:04:51.450, 7, NVIDIA B200, 580.173.02, 183359 MiB, 81914 MiB, 100 %, 944.14 W
2026/09/29 18:04:52.450, 0, NVIDIA B200, 580.173.02, 183359 MiB, 0 MiB, 0 %, 143.23 W
2026/09/29 18:04:52.450, 1, NVIDIA B200, 580.173.02, 183359 MiB, 0 MiB, 0 %, 139.55 W
2026/09/29 18:04:52.451, 2, NVIDIA B200, 580.173.02, 183359 MiB, 0 MiB, 0 %, 138.39 W
2026/09/29 18:04:52.451, 3, NVIDIA B200, 580.173.02, 183359 MiB, 0 MiB, 0 %, 138.77 W
2026/09/29 18:04:52.451, 4, NVIDIA B200, 580.173.02, 183359 MiB, 81978 MiB, 0 %, 466.61 W
2026/09/29 18:04:52.451, 5, NVIDIA B200, 580.173.02, 183359 MiB, 82166 MiB, 0 %, 443.56 W
2026/09/29 18:04:52.451, 6, NVIDIA B200, 580.173.02, 183359 MiB, 82054 MiB, 0 %, 447.43 W
2026/09/29 18:04:52.451, 7, NVIDIA B200, 580.173.02, 183359 MiB, 81914 MiB, 0 %, 408.72 W
2026/09/29 18:04:53.451, 0, NVIDIA B200, 580.173.02, 183359 MiB, 0 MiB, 0 %, 143.26 W
2026/09/29 18:04:53.451, 1, NVIDIA B200, 580.173.02, 183359 MiB, 0 MiB, 0 %, 139.53 W
2026/09/29 18:04:53.451, 2, NVIDIA B200, 580.173.02, 183359 MiB, 0 MiB, 0 %, 138.31 W
2026/09/29 18:04:53.451, 3, NVIDIA B200, 580.173.02, 183359 MiB, 0 MiB, 0 %, 138.71 W
2026/09/29 18:04:53.451, 4, NVIDIA B200, 580.173.02, 183359 MiB, 81978 MiB, 94 %, 534.51 W
2026/09/29 18:04:53.451, 5, NVIDIA B200, 580.173.02, 183359 MiB, 82166 MiB, 95 %, 507.51 W
2026/09/29 18:04:53.451, 6, NVIDIA B200, 580.173.02, 183359 MiB, 82054 MiB, 95 %, 494.22 W
2026/09/29 18:04:53.451, 7, NVIDIA B200, 580.173.02, 183359 MiB, 81914 MiB, 95 %, 529.89 W
2026/09/29 18:04:54.451, 0, NVIDIA B200, 580.173.02, 183359 MiB, 0 MiB, 0 %, 143.12 W
2026/09/29 18:04:54.451, 1, NVIDIA B200, 580.173.02, 183359 MiB, 0 MiB, 0 %, 139.57 W
2026/09/29 18:04:54.451, 2, NVIDIA B200, 580.173.02, 183359 MiB, 0 MiB, 0 %, 138.40 W
2026/09/29 18:04:54.451, 3, NVIDIA B200, 580.173.02, 183359 MiB, 0 MiB, 0 %, 138.73 W
2026/09/29 18:04:54.451, 4, NVIDIA B200, 580.173.02, 183359 MiB, 81978 MiB, 100 %, 850.73 W
2026/09/29 18:04:54.451, 5, NVIDIA B200, 580.173.02, 183359 MiB, 82166 MiB, 100 %, 888.95 W
2026/09/29 18:04:54.451, 6, NVIDIA B200, 580.173.02, 183359 MiB, 82054 MiB, 100 %, 916.12 W
2026/09/29 18:04:54.451, 7, NVIDIA B200, 580.173.02, 183359 MiB, 81914 MiB, 100 %, 912.26 W
2026/09/29 18:04:55.451, 0, NVIDIA B200, 580.173.02, 183359 MiB, 0 MiB, 0 %, 143.09 W
2026/09/29 18:04:55.452, 1, NVIDIA B200, 580.173.02, 183359 MiB, 0 MiB, 0 %, 139.65 W
2026/09/29 18:04:55.452, 2, NVIDIA B200, 580.173.02, 183359 MiB, 0 MiB, 0 %, 138.43 W
2026/09/29 18:04:55.452, 3, NVIDIA B200, 580.173.02, 183359 MiB, 0 MiB, 0 %, 138.72 W
2026/09/29 18:04:55.452, 4, NVIDIA B200, 580.173.02, 183359 MiB, 81978 MiB, 0 %, 602.09 W
2026/09/29 18:04:55.452, 5, NVIDIA B200, 580.173.02, 183359 MiB, 82166 MiB, 0 %, 585.18 W
2026/09/29 18:04:55.452, 6, NVIDIA B200, 580.173.02, 183359 MiB, 82054 MiB, 0 %, 593.46 W
2026/09/29 18:04:55.452, 7, NVIDIA B200, 580.173.02, 183359 MiB, 81914 MiB, 0 %, 546.74 W
2026/09/29 18:04:56.452, 0, NVIDIA B200, 580.173.02, 183359 MiB, 0 MiB, 0 %, 143.28 W
2026/09/29 18:04:56.452, 1, NVIDIA B200, 580.173.02, 183359 MiB, 0 MiB, 0 %, 139.72 W
2026/09/29 18:04:56.452, 2, NVIDIA B200, 580.173.02, 183359 MiB, 0 MiB, 0 %, 138.42 W
2026/09/29 18:04:56.452, 3, NVIDIA B200, 580.173.02, 183359 MiB, 0 MiB, 0 %, 138.88 W
2026/09/29 18:04:56.452, 4, NVIDIA B200, 580.173.02, 183359 MiB, 81978 MiB, 81 %, 396.37 W
2026/09/29 18:04:56.452, 5, NVIDIA B200, 580.173.02, 183359 MiB, 82166 MiB, 80 %, 382.77 W
2026/09/29 18:04:56.452, 6, NVIDIA B200, 580.173.02, 183359 MiB, 82054 MiB, 95 %, 390.31 W
2026/09/29 18:04:56.452, 7, NVIDIA B200, 580.173.02, 183359 MiB, 81914 MiB, 95 %, 424.05 W
2026/09/29 18:04:57.452, 0, NVIDIA B200, 580.173.02, 183359 MiB, 0 MiB, 0 %, 143.20 W
2026/09/29 18:04:57.452, 1, NVIDIA B200, 580.173.02, 183359 MiB, 0 MiB, 0 %, 139.56 W
2026/09/29 18:04:57.452, 2, NVIDIA B200, 580.173.02, 183359 MiB, 0 MiB, 0 %, 138.32 W
2026/09/29 18:04:57.452, 3, NVIDIA B200, 580.173.02, 183359 MiB, 0 MiB, 0 %, 138.68 W
2026/09/29 18:04:57.452, 4, NVIDIA B200, 580.173.02, 183359 MiB, 81978 MiB, 100 %, 843.47 W
2026/09/29 18:04:57.452, 5, NVIDIA B200, 580.173.02, 183359 MiB, 82166 MiB, 90 %, 862.08 W
2026/09/29 18:04:57.452, 6, NVIDIA B200, 580.173.02, 183359 MiB, 82054 MiB, 87 %, 878.89 W
2026/09/29 18:04:57.452, 7, NVIDIA B200, 580.173.02, 183359 MiB, 81914 MiB, 100 %, 863.26 W
2026/09/29 18:04:58.452, 0, NVIDIA B200, 580.173.02, 183359 MiB, 0 MiB, 0 %, 143.18 W
2026/09/29 18:04:58.452, 1, NVIDIA B200, 580.173.02, 183359 MiB, 0 MiB, 0 %, 139.61 W
2026/09/29 18:04:58.452, 2, NVIDIA B200, 580.173.02, 183359 MiB, 0 MiB, 0 %, 138.38 W
2026/09/29 18:04:58.452, 3, NVIDIA B200, 580.173.02, 183359 MiB, 0 MiB, 0 %, 138.69 W
2026/09/29 18:04:58.452, 4, NVIDIA B200, 580.173.02, 183359 MiB, 81978 MiB, 5 %, 753.92 W
2026/09/29 18:04:58.452, 5, NVIDIA B200, 580.173.02, 183359 MiB, 82166 MiB, 0 %, 734.88 W
2026/09/29 18:04:58.452, 6, NVIDIA B200, 580.173.02, 183359 MiB, 82054 MiB, 0 %, 741.34 W
2026/09/29 18:04:58.452, 7, NVIDIA B200, 580.173.02, 183359 MiB, 81914 MiB, 0 %, 695.93 W
2026/09/29 18:04:59.453, 0, NVIDIA B200, 580.173.02, 183359 MiB, 0 MiB, 0 %, 143.18 W
2026/09/29 18:04:59.453, 1, NVIDIA B200, 580.173.02, 183359 MiB, 0 MiB, 0 %, 139.53 W
2026/09/29 18:04:59.453, 2, NVIDIA B200, 580.173.02, 183359 MiB, 0 MiB, 0 %, 138.38 W
2026/09/29 18:04:59.453, 3, NVIDIA B200, 580.173.02, 183359 MiB, 0 MiB, 0 %, 138.74 W
2026/09/29 18:04:59.453, 4, NVIDIA B200, 580.173.02, 183359 MiB, 81978 MiB, 0 %, 210.37 W
2026/09/29 18:04:59.453, 5, NVIDIA B200, 580.173.02, 183359 MiB, 82166 MiB, 0 %, 200.81 W
2026/09/29 18:04:59.453, 6, NVIDIA B200, 580.173.02, 183359 MiB, 82054 MiB, 0 %, 209.87 W
2026/09/29 18:04:59.453, 7, NVIDIA B200, 580.173.02, 183359 MiB, 81914 MiB, 5 %, 204.77 W
2026/09/29 18:05:00.453, 0, NVIDIA B200, 580.173.02, 183359 MiB, 0 MiB, 0 %, 143.34 W
2026/09/29 18:05:00.453, 1, NVIDIA B200, 580.173.02, 183359 MiB, 0 MiB, 0 %, 139.57 W
2026/09/29 18:05:00.453, 2, NVIDIA B200, 580.173.02, 183359 MiB, 0 MiB, 0 %, 138.27 W
2026/09/29 18:05:00.453, 3, NVIDIA B200, 580.173.02, 183359 MiB, 0 MiB, 0 %, 138.69 W
2026/09/29 18:05:00.453, 4, NVIDIA B200, 580.173.02, 183359 MiB, 81978 MiB, 94 %, 690.50 W
2026/09/29 18:05:00.453, 5, NVIDIA B200, 580.173.02, 183359 MiB, 82166 MiB, 95 %, 699.98 W
2026/09/29 18:05:00.453, 6, NVIDIA B200, 580.173.02, 183359 MiB, 82054 MiB, 99 %, 724.37 W
2026/09/29 18:05:00.453, 7, NVIDIA B200, 580.173.02, 183359 MiB, 81914 MiB, 100 %, 735.74 W
2026/09/29 18:05:01.453, 0, NVIDIA B200, 580.173.02, 183359 MiB, 0 MiB, 0 %, 143.40 W
2026/09/29 18:05:01.453, 1, NVIDIA B200, 580.173.02, 183359 MiB, 0 MiB, 0 %, 139.71 W
2026/09/29 18:05:01.453, 2, NVIDIA B200, 580.173.02, 183359 MiB, 0 MiB, 0 %, 138.43 W
2026/09/29 18:05:01.453, 3, NVIDIA B200, 580.173.02, 183359 MiB, 0 MiB, 0 %, 138.79 W
2026/09/29 18:05:01.453, 4, NVIDIA B200, 580.173.02, 183359 MiB, 81978 MiB, 100 %, 989.18 W
2026/09/29 18:05:01.454, 5, NVIDIA B200, 580.173.02, 183359 MiB, 82166 MiB, 100 %, 986.50 W
2026/09/29 18:05:01.454, 6, NVIDIA B200, 580.173.02, 183359 MiB, 82054 MiB, 100 %, 983.84 W
2026/09/29 18:05:01.454, 7, NVIDIA B200, 580.173.02, 183359 MiB, 81914 MiB, 100 %, 982.21 W
2026/09/29 18:05:02.454, 0, NVIDIA B200, 580.173.02, 183359 MiB, 0 MiB, 0 %, 143.24 W
2026/09/29 18:05:02.454, 1, NVIDIA B200, 580.173.02, 183359 MiB, 0 MiB, 0 %, 139.58 W
2026/09/29 18:05:02.454, 2, NVIDIA B200, 580.173.02, 183359 MiB, 0 MiB, 0 %, 138.40 W
2026/09/29 18:05:02.454, 3, NVIDIA B200, 580.173.02, 183359 MiB, 0 MiB, 0 %, 138.72 W
2026/09/29 18:05:02.454, 4, NVIDIA B200, 580.173.02, 183359 MiB, 81978 MiB, 0 %, 323.12 W
2026/09/29 18:05:02.454, 5, NVIDIA B200, 580.173.02, 183359 MiB, 82166 MiB, 0 %, 291.78 W
2026/09/29 18:05:02.454, 6, NVIDIA B200, 580.173.02, 183359 MiB, 82054 MiB, 0 %, 301.60 W
2026/09/29 18:05:02.454, 7, NVIDIA B200, 580.173.02, 183359 MiB, 81914 MiB, 0 %, 256.31 W
2026/09/29 18:05:03.454, 0, NVIDIA B200, 580.173.02, 183359 MiB, 0 MiB, 0 %, 143.21 W
2026/09/29 18:05:03.454, 1, NVIDIA B200, 580.173.02, 183359 MiB, 0 MiB, 0 %, 139.55 W
2026/09/29 18:05:03.454, 2, NVIDIA B200, 580.173.02, 183359 MiB, 0 MiB, 0 %, 138.33 W
2026/09/29 18:05:03.454, 3, NVIDIA B200, 580.173.02, 183359 MiB, 0 MiB, 0 %, 138.70 W
2026/09/29 18:05:03.454, 4, NVIDIA B200, 580.173.02, 183359 MiB, 81978 MiB, 95 %, 615.30 W
2026/09/29 18:05:03.454, 5, NVIDIA B200, 580.173.02, 183359 MiB, 82166 MiB, 95 %, 601.57 W
2026/09/29 18:05:03.454, 6, NVIDIA B200, 580.173.02, 183359 MiB, 82054 MiB, 95 %, 588.90 W
2026/09/29 18:05:03.454, 7, NVIDIA B200, 580.173.02, 183359 MiB, 81914 MiB, 95 %, 591.34 W
2026/09/29 18:05:04.454, 0, NVIDIA B200, 580.173.02, 183359 MiB, 0 MiB, 0 %, 143.18 W
2026/09/29 18:05:04.455, 1, NVIDIA B200, 580.173.02, 183359 MiB, 0 MiB, 0 %, 139.54 W
2026/09/29 18:05:04.455, 2, NVIDIA B200, 580.173.02, 183359 MiB, 0 MiB, 0 %, 138.33 W
2026/09/29 18:05:04.455, 3, NVIDIA B200, 580.173.02, 183359 MiB, 0 MiB, 0 %, 138.76 W
2026/09/29 18:05:04.455, 4, NVIDIA B200, 580.173.02, 183359 MiB, 81978 MiB, 100 %, 882.30 W
2026/09/29 18:05:04.455, 5, NVIDIA B200, 580.173.02, 183359 MiB, 82166 MiB, 100 %, 893.21 W
2026/09/29 18:05:04.455, 6, NVIDIA B200, 580.173.02, 183359 MiB, 82054 MiB, 100 %, 924.13 W
2026/09/29 18:05:04.455, 7, NVIDIA B200, 580.173.02, 183359 MiB, 81914 MiB, 100 %, 957.53 W
2026/09/29 18:05:05.455, 0, NVIDIA B200, 580.173.02, 183359 MiB, 0 MiB, 0 %, 143.16 W
2026/09/29 18:05:05.455, 1, NVIDIA B200, 580.173.02, 183359 MiB, 0 MiB, 0 %, 139.60 W
2026/09/29 18:05:05.455, 2, NVIDIA B200, 580.173.02, 183359 MiB, 0 MiB, 0 %, 138.34 W
2026/09/29 18:05:05.455, 3, NVIDIA B200, 580.173.02, 183359 MiB, 0 MiB, 0 %, 138.73 W
2026/09/29 18:05:05.455, 4, NVIDIA B200, 580.173.02, 183359 MiB, 81978 MiB, 0 %, 507.49 W
2026/09/29 18:05:05.455, 5, NVIDIA B200, 580.173.02, 183359 MiB, 82166 MiB, 0 %, 480.52 W
2026/09/29 18:05:05.455, 6, NVIDIA B200, 580.173.02, 183359 MiB, 82054 MiB, 0 %, 485.55 W
2026/09/29 18:05:05.455, 7, NVIDIA B200, 580.173.02, 183359 MiB, 81914 MiB, 0 %, 419.76 W
2026/09/29 18:05:06.455, 0, NVIDIA B200, 580.173.02, 183359 MiB, 0 MiB, 0 %, 143.46 W
2026/09/29 18:05:06.456, 1, NVIDIA B200, 580.173.02, 183359 MiB, 0 MiB, 0 %, 139.65 W
2026/09/29 18:05:06.456, 2, NVIDIA B200, 580.173.02, 183359 MiB, 0 MiB, 0 %, 138.50 W
2026/09/29 18:05:06.456, 3, NVIDIA B200, 580.173.02, 183359 MiB, 0 MiB, 0 %, 138.80 W
2026/09/29 18:05:06.456, 4, NVIDIA B200, 580.173.02, 183359 MiB, 81978 MiB, 95 %, 449.81 W
2026/09/29 18:05:06.456, 5, NVIDIA B200, 580.173.02, 183359 MiB, 82166 MiB, 93 %, 456.24 W
2026/09/29 18:05:06.456, 6, NVIDIA B200, 580.173.02, 183359 MiB, 82054 MiB, 95 %, 484.96 W
2026/09/29 18:05:06.456, 7, NVIDIA B200, 580.173.02, 183359 MiB, 81914 MiB, 95 %, 470.95 W
2026/09/29 18:05:07.456, 0, NVIDIA B200, 580.173.02, 183359 MiB, 0 MiB, 0 %, 143.24 W
2026/09/29 18:05:07.456, 1, NVIDIA B200, 580.173.02, 183359 MiB, 0 MiB, 0 %, 139.60 W
2026/09/29 18:05:07.456, 2, NVIDIA B200, 580.173.02, 183359 MiB, 0 MiB, 0 %, 138.41 W
2026/09/29 18:05:07.456, 3, NVIDIA B200, 580.173.02, 183359 MiB, 0 MiB, 0 %, 138.67 W
2026/09/29 18:05:07.456, 4, NVIDIA B200, 580.173.02, 183359 MiB, 81978 MiB, 89 %, 877.89 W
2026/09/29 18:05:07.456, 5, NVIDIA B200, 580.173.02, 183359 MiB, 82166 MiB, 96 %, 862.17 W
2026/09/29 18:05:07.456, 6, NVIDIA B200, 580.173.02, 183359 MiB, 82054 MiB, 100 %, 852.20 W
2026/09/29 18:05:07.456, 7, NVIDIA B200, 580.173.02, 183359 MiB, 81914 MiB, 100 %, 901.16 W
2026/09/29 18:05:08.456, 0, NVIDIA B200, 580.173.02, 183359 MiB, 0 MiB, 0 %, 143.27 W
2026/09/29 18:05:08.456, 1, NVIDIA B200, 580.173.02, 183359 MiB, 0 MiB, 0 %, 139.59 W
2026/09/29 18:05:08.456, 2, NVIDIA B200, 580.173.02, 183359 MiB, 0 MiB, 0 %, 138.43 W
2026/09/29 18:05:08.456, 3, NVIDIA B200, 580.173.02, 183359 MiB, 0 MiB, 0 %, 138.75 W
2026/09/29 18:05:08.456, 4, NVIDIA B200, 580.173.02, 183359 MiB, 81978 MiB, 0 %, 679.36 W
2026/09/29 18:05:08.456, 5, NVIDIA B200, 580.173.02, 183359 MiB, 82166 MiB, 0 %, 659.62 W
2026/09/29 18:05:08.456, 6, NVIDIA B200, 580.173.02, 183359 MiB, 82054 MiB, 0 %, 663.75 W
2026/09/29 18:05:08.456, 7, NVIDIA B200, 580.173.02, 183359 MiB, 81914 MiB, 0 %, 601.12 W
2026/09/29 18:05:09.457, 0, NVIDIA B200, 580.173.02, 183359 MiB, 0 MiB, 0 %, 143.27 W
2026/09/29 18:05:09.467, 1, NVIDIA B200, 580.173.02, 183359 MiB, 0 MiB, 0 %, 139.57 W
2026/09/29 18:05:09.467, 2, NVIDIA B200, 580.173.02, 183359 MiB, 0 MiB, 0 %, 138.46 W
2026/09/29 18:05:09.467, 3, NVIDIA B200, 580.173.02, 183359 MiB, 0 MiB, 0 %, 138.72 W
2026/09/29 18:05:09.467, 4, NVIDIA B200, 580.173.02, 183359 MiB, 81978 MiB, 85 %, 396.98 W
2026/09/29 18:05:09.467, 5, NVIDIA B200, 580.173.02, 183359 MiB, 82166 MiB, 95 %, 365.08 W
2026/09/29 18:05:09.467, 6, NVIDIA B200, 580.173.02, 183359 MiB, 82054 MiB, 95 %, 370.65 W
2026/09/29 18:05:09.467, 7, NVIDIA B200, 580.173.02, 183359 MiB, 81914 MiB, 62 %, 361.93 W
2026/09/29 18:05:10.467, 0, NVIDIA B200, 580.173.02, 183359 MiB, 0 MiB, 0 %, 143.30 W
2026/09/29 18:05:10.468, 1, NVIDIA B200, 580.173.02, 183359 MiB, 0 MiB, 0 %, 139.60 W
2026/09/29 18:05:10.468, 2, NVIDIA B200, 580.173.02, 183359 MiB, 0 MiB, 0 %, 138.44 W
2026/09/29 18:05:10.468, 3, NVIDIA B200, 580.173.02, 183359 MiB, 0 MiB, 0 %, 138.72 W
2026/09/29 18:05:10.468, 4, NVIDIA B200, 580.173.02, 183359 MiB, 81978 MiB, 100 %, 803.05 W
2026/09/29 18:05:10.468, 5, NVIDIA B200, 580.173.02, 183359 MiB, 82166 MiB, 100 %, 785.59 W
2026/09/29 18:05:10.468, 6, NVIDIA B200, 580.173.02, 183359 MiB, 82054 MiB, 87 %, 821.63 W
2026/09/29 18:05:10.468, 7, NVIDIA B200, 580.173.02, 183359 MiB, 81914 MiB, 100 %, 825.52 W
