2026/10/02 18:10:54.133, 0, NVIDIA B200, 60102, 0, 230.88, 52, 1965, 3996
2026/10/02 18:10:54.133, 1, NVIDIA B200, 60096, 0, 224.37, 44, 1965, 3996
2026/10/02 18:10:54.133, 2, NVIDIA B200, 59506, 0, 218.61, 52, 1965, 3996
2026/10/02 18:10:54.133, 3, NVIDIA B200, 59464, 0, 213.97, 42, 1965, 3996
2026/10/02 18:10:54.133, 4, NVIDIA B200, 59472, 0, 232.23, 52, 1965, 3996
2026/10/02 18:10:54.133, 5, NVIDIA B200, 59708, 0, 213.48, 41, 1965, 3996
2026/10/02 18:10:54.133, 6, NVIDIA B200, 59338, 0, 227.85, 52, 1965, 3996
2026/10/02 18:10:54.133, 7, NVIDIA B200, 60112, 0, 224.32, 41, 1965, 3996
2026/10/02 18:10:55.133, 0, NVIDIA B200, 60102, 95, 532.95, 60, 1965, 3996
2026/10/02 18:10:55.134, 1, NVIDIA B200, 60096, 95, 458.32, 51, 1965, 3996
2026/10/02 18:10:55.134, 2, NVIDIA B200, 59506, 95, 506.32, 60, 1965, 3996
2026/10/02 18:10:55.134, 3, NVIDIA B200, 59464, 95, 503.53, 52, 1965, 3996
2026/10/02 18:10:55.134, 4, NVIDIA B200, 59472, 88, 418.48, 60, 1965, 3996
2026/10/02 18:10:55.134, 5, NVIDIA B200, 59708, 95, 478.55, 49, 1965, 3996
2026/10/02 18:10:55.134, 6, NVIDIA B200, 59338, 95, 448.25, 60, 1965, 3996
2026/10/02 18:10:55.134, 7, NVIDIA B200, 60112, 95, 403.18, 48, 1965, 3996
2026/10/02 18:10:56.134, 0, NVIDIA B200, 60102, 100, 797.16, 64, 1537, 3996
2026/10/02 18:10:56.134, 1, NVIDIA B200, 60096, 88, 839.47, 58, 1560, 3996
2026/10/02 18:10:56.134, 2, NVIDIA B200, 59506, 100, 862.23, 65, 1447, 3996
2026/10/02 18:10:56.134, 3, NVIDIA B200, 59464, 100, 827.79, 56, 1552, 3996
2026/10/02 18:10:56.134, 4, NVIDIA B200, 59472, 100, 876.27, 66, 1492, 3996
2026/10/02 18:10:56.134, 5, NVIDIA B200, 59708, 100, 842.15, 55, 1515, 3996
2026/10/02 18:10:56.134, 6, NVIDIA B200, 59338, 100, 883.42, 64, 1350, 3996
2026/10/02 18:10:56.134, 7, NVIDIA B200, 60112, 100, 859.71, 55, 1552, 3996
2026/10/02 18:10:57.134, 0, NVIDIA B200, 60102, 0, 665.39, 54, 1965, 3996
2026/10/02 18:10:57.135, 1, NVIDIA B200, 60096, 0, 686.00, 47, 1965, 3996
2026/10/02 18:10:57.135, 2, NVIDIA B200, 59506, 0, 613.51, 54, 1965, 3996
2026/10/02 18:10:57.135, 3, NVIDIA B200, 59464, 0, 646.98, 45, 1965, 3996
2026/10/02 18:10:57.135, 4, NVIDIA B200, 59472, 0, 688.12, 55, 1965, 3996
2026/10/02 18:10:57.135, 5, NVIDIA B200, 59708, 0, 640.11, 43, 1965, 3996
2026/10/02 18:10:57.135, 6, NVIDIA B200, 59338, 0, 648.03, 54, 1965, 3996
2026/10/02 18:10:57.135, 7, NVIDIA B200, 60112, 0, 701.91, 43, 1965, 3996
2026/10/02 18:10:58.135, 0, NVIDIA B200, 60102, 95, 397.28, 59, 1965, 3996
2026/10/02 18:10:58.135, 1, NVIDIA B200, 60096, 95, 326.68, 49, 1965, 3996
2026/10/02 18:10:58.135, 2, NVIDIA B200, 59506, 95, 377.13, 58, 1965, 3996
2026/10/02 18:10:58.135, 3, NVIDIA B200, 59464, 95, 364.03, 50, 1965, 3996
2026/10/02 18:10:58.135, 4, NVIDIA B200, 59472, 62, 272.25, 57, 1965, 3996
2026/10/02 18:10:58.135, 5, NVIDIA B200, 59708, 95, 347.45, 48, 1965, 3996
2026/10/02 18:10:58.135, 6, NVIDIA B200, 59338, 95, 367.70, 58, 1965, 3996
2026/10/02 18:10:58.135, 7, NVIDIA B200, 60112, 95, 319.16, 48, 1965, 3996
2026/10/02 18:10:59.135, 0, NVIDIA B200, 60102, 100, 716.38, 64, 1582, 3996
2026/10/02 18:10:59.135, 1, NVIDIA B200, 60096, 99, 733.61, 56, 1500, 3996
2026/10/02 18:10:59.135, 2, NVIDIA B200, 59506, 100, 753.40, 63, 1507, 3996
2026/10/02 18:10:59.135, 3, NVIDIA B200, 59464, 100, 727.30, 55, 1590, 3996
2026/10/02 18:10:59.135, 4, NVIDIA B200, 59472, 100, 802.84, 66, 1537, 3996
2026/10/02 18:10:59.136, 5, NVIDIA B200, 59708, 100, 735.76, 53, 1507, 3996
2026/10/02 18:10:59.136, 6, NVIDIA B200, 59338, 100, 741.12, 63, 1552, 3996
2026/10/02 18:10:59.136, 7, NVIDIA B200, 60112, 100, 730.14, 52, 1545, 3996
2026/10/02 18:11:00.136, 0, NVIDIA B200, 60102, 74, 907.00, 60, 1957, 3996
2026/10/02 18:11:00.136, 1, NVIDIA B200, 60096, 100, 922.78, 52, 1680, 3996
2026/10/02 18:11:00.136, 2, NVIDIA B200, 59506, 21, 863.84, 58, 1965, 3996
2026/10/02 18:11:00.136, 3, NVIDIA B200, 59464, 99, 899.34, 49, 1957, 3996
2026/10/02 18:11:00.136, 4, NVIDIA B200, 59472, 62, 919.19, 61, 1882, 3996
2026/10/02 18:11:00.136, 5, NVIDIA B200, 59708, 18, 882.36, 47, 1950, 3996
2026/10/02 18:11:00.136, 6, NVIDIA B200, 59338, 58, 888.95, 59, 1950, 3996
2026/10/02 18:11:00.136, 7, NVIDIA B200, 60112, 97, 921.53, 47, 1942, 3996
2026/10/02 18:11:01.136, 0, NVIDIA B200, 60102, 0, 216.17, 52, 1965, 3996
2026/10/02 18:11:01.137, 1, NVIDIA B200, 60096, 0, 209.80, 44, 1965, 3996
2026/10/02 18:11:01.137, 2, NVIDIA B200, 59506, 0, 204.93, 52, 1965, 3996
2026/10/02 18:11:01.137, 3, NVIDIA B200, 59464, 0, 200.33, 42, 1965, 3996
2026/10/02 18:11:01.137, 4, NVIDIA B200, 59472, 0, 218.71, 52, 1965, 3996
2026/10/02 18:11:01.137, 5, NVIDIA B200, 59708, 0, 199.38, 41, 1965, 3996
2026/10/02 18:11:01.137, 6, NVIDIA B200, 59338, 0, 213.96, 52, 1965, 3996
2026/10/02 18:11:01.137, 7, NVIDIA B200, 60112, 0, 200.52, 41, 1965, 3996
2026/10/02 18:11:02.137, 0, NVIDIA B200, 60102, 95, 611.32, 60, 1965, 3996
2026/10/02 18:11:02.137, 1, NVIDIA B200, 60096, 95, 558.09, 52, 1965, 3996
2026/10/02 18:11:02.137, 2, NVIDIA B200, 59506, 95, 563.36, 61, 1965, 3996
2026/10/02 18:11:02.137, 3, NVIDIA B200, 59464, 95, 601.15, 52, 1965, 3996
2026/10/02 18:11:02.137, 4, NVIDIA B200, 59472, 95, 539.37, 61, 1965, 3996
2026/10/02 18:11:02.137, 5, NVIDIA B200, 59708, 95, 576.38, 50, 1965, 3996
2026/10/02 18:11:02.137, 6, NVIDIA B200, 59338, 95, 590.68, 60, 1965, 3996
2026/10/02 18:11:02.137, 7, NVIDIA B200, 60112, 95, 556.78, 50, 1965, 3996
2026/10/02 18:11:03.138, 0, NVIDIA B200, 60102, 100, 863.88, 65, 1500, 3996
2026/10/02 18:11:03.138, 1, NVIDIA B200, 60096, 100, 882.96, 59, 1357, 3996
2026/10/02 18:11:03.138, 2, NVIDIA B200, 59506, 100, 940.31, 66, 1357, 3996
2026/10/02 18:11:03.138, 3, NVIDIA B200, 59464, 100, 873.91, 57, 1470, 3996
2026/10/02 18:11:03.138, 4, NVIDIA B200, 59472, 100, 918.43, 67, 1485, 3996
2026/10/02 18:11:03.138, 5, NVIDIA B200, 59708, 100, 899.90, 55, 1477, 3996
2026/10/02 18:11:03.138, 6, NVIDIA B200, 59338, 100, 897.71, 66, 1440, 3996
2026/10/02 18:11:03.138, 7, NVIDIA B200, 60112, 100, 883.71, 55, 1537, 3996
2026/10/02 18:11:04.138, 0, NVIDIA B200, 60102, 0, 513.41, 53, 1965, 3996
2026/10/02 18:11:04.138, 1, NVIDIA B200, 60096, 0, 524.21, 45, 1965, 3996
2026/10/02 18:11:04.138, 2, NVIDIA B200, 59506, 0, 458.76, 52, 1965, 3996
2026/10/02 18:11:04.138, 3, NVIDIA B200, 59464, 0, 482.20, 43, 1965, 3996
2026/10/02 18:11:04.138, 4, NVIDIA B200, 59472, 0, 527.34, 54, 1965, 3996
2026/10/02 18:11:04.138, 5, NVIDIA B200, 59708, 0, 482.93, 42, 1965, 3996
2026/10/02 18:11:04.138, 6, NVIDIA B200, 59338, 0, 480.75, 53, 1965, 3996
2026/10/02 18:11:04.138, 7, NVIDIA B200, 60112, 0, 507.77, 42, 1965, 3996
2026/10/02 18:11:05.138, 0, NVIDIA B200, 60102, 95, 437.44, 59, 1965, 3996
2026/10/02 18:11:05.139, 1, NVIDIA B200, 60096, 95, 445.12, 52, 1965, 3996
2026/10/02 18:11:05.139, 2, NVIDIA B200, 59506, 95, 466.89, 60, 1965, 3996
2026/10/02 18:11:05.139, 3, NVIDIA B200, 59464, 95, 465.57, 51, 1965, 3996
2026/10/02 18:11:05.139, 4, NVIDIA B200, 59472, 95, 427.38, 60, 1965, 3996
2026/10/02 18:11:05.139, 5, NVIDIA B200, 59708, 95, 475.66, 49, 1965, 3996
2026/10/02 18:11:05.139, 6, NVIDIA B200, 59338, 94, 487.59, 60, 1965, 3996
2026/10/02 18:11:05.139, 7, NVIDIA B200, 60112, 95, 443.09, 49, 1965, 3996
2026/10/02 18:11:06.139, 0, NVIDIA B200, 60102, 100, 884.76, 65, 1462, 3996
2026/10/02 18:11:06.139, 1, NVIDIA B200, 60096, 100, 852.89, 57, 1432, 3996
2026/10/02 18:11:06.139, 2, NVIDIA B200, 59506, 88, 878.78, 65, 1410, 3996
2026/10/02 18:11:06.139, 3, NVIDIA B200, 59464, 100, 866.37, 57, 1552, 3996
2026/10/02 18:11:06.139, 4, NVIDIA B200, 59472, 100, 881.30, 67, 1552, 3996
2026/10/02 18:11:06.139, 5, NVIDIA B200, 59708, 100, 853.67, 54, 1537, 3996
2026/10/02 18:11:06.139, 6, NVIDIA B200, 59338, 100, 860.37, 64, 1372, 3996
2026/10/02 18:11:06.139, 7, NVIDIA B200, 60112, 100, 837.27, 54, 1387, 3996
2026/10/02 18:11:07.139, 0, NVIDIA B200, 60102, 0, 681.01, 54, 1965, 3996
2026/10/02 18:11:07.139, 1, NVIDIA B200, 60096, 11, 688.53, 47, 1965, 3996
2026/10/02 18:11:07.139, 2, NVIDIA B200, 59506, 68, 699.30, 54, 1965, 3996
2026/10/02 18:11:07.139, 3, NVIDIA B200, 59464, 0, 663.95, 45, 1965, 3996
2026/10/02 18:11:07.139, 4, NVIDIA B200, 59472, 0, 686.94, 56, 1965, 3996
2026/10/02 18:11:07.139, 5, NVIDIA B200, 59708, 0, 642.41, 43, 1965, 3996
2026/10/02 18:11:07.139, 6, NVIDIA B200, 59338, 0, 650.39, 53, 1965, 3996
2026/10/02 18:11:07.140, 7, NVIDIA B200, 60112, 0, 695.92, 43, 1965, 3996
2026/10/02 18:11:08.151, 0, NVIDIA B200, 60102, 0, 214.37, 51, 1965, 3996
2026/10/02 18:11:08.152, 1, NVIDIA B200, 60096, 0, 205.45, 43, 1965, 3996
2026/10/02 18:11:08.152, 2, NVIDIA B200, 59506, 0, 203.36, 51, 1965, 3996
2026/10/02 18:11:08.152, 3, NVIDIA B200, 59464, 0, 198.62, 42, 1965, 3996
2026/10/02 18:11:08.152, 4, NVIDIA B200, 59472, 0, 214.20, 52, 1965, 3996
2026/10/02 18:11:08.152, 5, NVIDIA B200, 59708, 0, 198.18, 40, 1965, 3996
2026/10/02 18:11:08.152, 6, NVIDIA B200, 59338, 0, 212.11, 51, 1965, 3996
2026/10/02 18:11:08.152, 7, NVIDIA B200, 60112, 0, 197.32, 40, 1965, 3996
2026/10/02 18:11:09.152, 0, NVIDIA B200, 60102, 65, 625.25, 57, 1965, 3996
2026/10/02 18:11:09.152, 1, NVIDIA B200, 60096, 95, 612.41, 50, 1965, 3996
2026/10/02 18:11:09.152, 2, NVIDIA B200, 59506, 59, 651.66, 60, 1965, 3996
2026/10/02 18:11:09.152, 3, NVIDIA B200, 59464, 95, 618.08, 47, 1965, 3996
2026/10/02 18:11:09.152, 4, NVIDIA B200, 59472, 95, 614.50, 61, 1965, 3996
2026/10/02 18:11:09.152, 5, NVIDIA B200, 59708, 78, 612.08, 49, 1965, 3996
2026/10/02 18:11:09.152, 6, NVIDIA B200, 59338, 70, 621.61, 55, 1965, 3996
2026/10/02 18:11:09.152, 7, NVIDIA B200, 60112, 95, 592.44, 49, 1965, 3996
2026/10/02 18:11:10.152, 0, NVIDIA B200, 60102, 100, 971.55, 65, 1507, 3996
2026/10/02 18:11:10.153, 1, NVIDIA B200, 60096, 100, 956.86, 59, 1492, 3996
2026/10/02 18:11:10.153, 2, NVIDIA B200, 59506, 100, 1001.85, 66, 1425, 3996
2026/10/02 18:11:10.153, 3, NVIDIA B200, 59464, 100, 974.10, 57, 1515, 3996
2026/10/02 18:11:10.153, 4, NVIDIA B200, 59472, 100, 956.82, 68, 1530, 3996
2026/10/02 18:11:10.153, 5, NVIDIA B200, 59708, 100, 972.49, 55, 1402, 3996
2026/10/02 18:11:10.153, 6, NVIDIA B200, 59338, 100, 964.89, 64, 1372, 3996
2026/10/02 18:11:10.153, 7, NVIDIA B200, 60112, 100, 950.54, 55, 1522, 3996
2026/10/02 18:11:11.153, 0, NVIDIA B200, 60102, 0, 413.64, 52, 1965, 3996
2026/10/02 18:11:11.153, 1, NVIDIA B200, 60096, 0, 412.02, 45, 1965, 3996
2026/10/02 18:11:11.153, 2, NVIDIA B200, 59506, 0, 351.61, 52, 1965, 3996
2026/10/02 18:11:11.153, 3, NVIDIA B200, 59464, 0, 391.32, 43, 1965, 3996
2026/10/02 18:11:11.153, 4, NVIDIA B200, 59472, 0, 416.57, 53, 1965, 3996
2026/10/02 18:11:11.153, 5, NVIDIA B200, 59708, 0, 365.78, 41, 1965, 3996
2026/10/02 18:11:11.153, 6, NVIDIA B200, 59338, 0, 382.70, 52, 1965, 3996
2026/10/02 18:11:11.153, 7, NVIDIA B200, 60112, 0, 423.81, 41, 1965, 3996
2026/10/02 18:11:12.153, 0, NVIDIA B200, 60102, 95, 565.84, 61, 1965, 3996
2026/10/02 18:11:12.154, 1, NVIDIA B200, 60096, 95, 553.84, 52, 1965, 3996
2026/10/02 18:11:12.154, 2, NVIDIA B200, 59506, 95, 576.40, 61, 1965, 3996
2026/10/02 18:11:12.154, 3, NVIDIA B200, 59464, 95, 546.07, 51, 1965, 3996
2026/10/02 18:11:12.154, 4, NVIDIA B200, 59472, 95, 535.95, 62, 1965, 3996
2026/10/02 18:11:12.154, 5, NVIDIA B200, 59708, 94, 505.21, 50, 1965, 3996
2026/10/02 18:11:12.154, 6, NVIDIA B200, 59338, 95, 557.97, 61, 1965, 3996
2026/10/02 18:11:12.154, 7, NVIDIA B200, 60112, 95, 474.45, 49, 1965, 3996
2026/10/02 18:11:13.154, 0, NVIDIA B200, 60102, 100, 843.03, 64, 1500, 3996
2026/10/02 18:11:13.154, 1, NVIDIA B200, 60096, 100, 844.22, 58, 1432, 3996
2026/10/02 18:11:13.154, 2, NVIDIA B200, 59506, 100, 904.41, 64, 1410, 3996
2026/10/02 18:11:13.154, 3, NVIDIA B200, 59464, 100, 872.67, 56, 1522, 3996
2026/10/02 18:11:13.154, 4, NVIDIA B200, 59472, 100, 885.33, 67, 1507, 3996
2026/10/02 18:11:13.154, 5, NVIDIA B200, 59708, 100, 918.47, 54, 1492, 3996
2026/10/02 18:11:13.154, 6, NVIDIA B200, 59338, 100, 901.77, 64, 1537, 3996
2026/10/02 18:11:13.154, 7, NVIDIA B200, 60112, 100, 892.66, 56, 1432, 3996
2026/10/02 18:11:14.154, 0, NVIDIA B200, 60102, 0, 584.68, 54, 1965, 3996
2026/10/02 18:11:14.155, 1, NVIDIA B200, 60096, 0, 595.94, 46, 1965, 3996
2026/10/02 18:11:14.155, 2, NVIDIA B200, 59506, 0, 533.23, 53, 1965, 3996
2026/10/02 18:11:14.155, 3, NVIDIA B200, 59464, 0, 575.18, 44, 1965, 3996
2026/10/02 18:11:14.155, 4, NVIDIA B200, 59472, 0, 599.52, 55, 1965, 3996
2026/10/02 18:11:14.155, 5, NVIDIA B200, 59708, 0, 552.07, 42, 1965, 3996
2026/10/02 18:11:14.155, 6, NVIDIA B200, 59338, 0, 567.47, 53, 1965, 3996
2026/10/02 18:11:14.155, 7, NVIDIA B200, 60112, 0, 605.36, 42, 1965, 3996
2026/10/02 18:11:15.155, 0, NVIDIA B200, 60102, 0, 214.16, 51, 1965, 3996
2026/10/02 18:11:15.155, 1, NVIDIA B200, 60096, 0, 204.94, 43, 1965, 3996
2026/10/02 18:11:15.155, 2, NVIDIA B200, 59506, 0, 203.84, 51, 1965, 3996
2026/10/02 18:11:15.155, 3, NVIDIA B200, 59464, 0, 198.41, 42, 1965, 3996
2026/10/02 18:11:15.155, 4, NVIDIA B200, 59472, 0, 213.96, 52, 1965, 3996
2026/10/02 18:11:15.155, 5, NVIDIA B200, 59708, 0, 198.02, 41, 1965, 3996
2026/10/02 18:11:15.155, 6, NVIDIA B200, 59338, 0, 212.43, 55, 1965, 3996
2026/10/02 18:11:15.155, 7, NVIDIA B200, 60112, 0, 197.12, 40, 1965, 3996
2026/10/02 18:11:16.156, 0, NVIDIA B200, 60102, 99, 756.96, 64, 1522, 3996
2026/10/02 18:11:16.156, 1, NVIDIA B200, 60096, 59, 728.68, 55, 1552, 3996
2026/10/02 18:11:16.156, 2, NVIDIA B200, 59506, 100, 800.67, 64, 1485, 3996
2026/10/02 18:11:16.156, 3, NVIDIA B200, 59464, 59, 748.84, 54, 1470, 3996
2026/10/02 18:11:16.156, 4, NVIDIA B200, 59472, 99, 734.68, 65, 1567, 3996
2026/10/02 18:11:16.156, 5, NVIDIA B200, 59708, 100, 761.10, 53, 1522, 3996
2026/10/02 18:11:16.156, 6, NVIDIA B200, 59338, 99, 763.18, 63, 1582, 3996
2026/10/02 18:11:16.156, 7, NVIDIA B200, 60112, 61, 698.17, 53, 1552, 3996
2026/10/02 18:11:17.156, 0, NVIDIA B200, 60102, 100, 988.20, 67, 1417, 3996
2026/10/02 18:11:17.156, 1, NVIDIA B200, 60096, 100, 983.09, 58, 1365, 3996
2026/10/02 18:11:17.156, 2, NVIDIA B200, 59506, 100, 981.49, 63, 1440, 3996
2026/10/02 18:11:17.156, 3, NVIDIA B200, 59464, 100, 986.20, 58, 1425, 3996
2026/10/02 18:11:17.156, 4, NVIDIA B200, 59472, 100, 973.73, 66, 1432, 3996
2026/10/02 18:11:17.156, 5, NVIDIA B200, 59708, 100, 980.79, 55, 1522, 3996
2026/10/02 18:11:17.156, 6, NVIDIA B200, 59338, 100, 977.89, 65, 1485, 3996
2026/10/02 18:11:17.156, 7, NVIDIA B200, 60112, 100, 991.03, 54, 1515, 3996
2026/10/02 18:11:18.156, 0, NVIDIA B200, 60102, 0, 267.20, 52, 1965, 3996
2026/10/02 18:11:18.156, 1, NVIDIA B200, 60096, 0, 278.94, 44, 1965, 3996
2026/10/02 18:11:18.156, 2, NVIDIA B200, 59506, 0, 218.26, 52, 1965, 3996
2026/10/02 18:11:18.157, 3, NVIDIA B200, 59464, 0, 250.73, 43, 1965, 3996
2026/10/02 18:11:18.157, 4, NVIDIA B200, 59472, 0, 283.46, 53, 1965, 3996
2026/10/02 18:11:18.157, 5, NVIDIA B200, 59708, 0, 230.43, 41, 1965, 3996
2026/10/02 18:11:18.157, 6, NVIDIA B200, 59338, 0, 237.80, 52, 1965, 3996
2026/10/02 18:11:18.157, 7, NVIDIA B200, 60112, 0, 272.95, 41, 1965, 3996
2026/10/02 18:11:19.157, 0, NVIDIA B200, 60102, 84, 621.37, 61, 1965, 3996
2026/10/02 18:11:19.157, 1, NVIDIA B200, 60096, 95, 608.60, 49, 1965, 3996
2026/10/02 18:11:19.157, 2, NVIDIA B200, 59506, 77, 620.82, 56, 1965, 3996
2026/10/02 18:11:19.157, 3, NVIDIA B200, 59464, 95, 610.35, 52, 1965, 3996
2026/10/02 18:11:19.157, 4, NVIDIA B200, 59472, 95, 602.56, 62, 1965, 3996
2026/10/02 18:11:19.157, 5, NVIDIA B200, 59708, 62, 602.21, 46, 1965, 3996
2026/10/02 18:11:19.157, 6, NVIDIA B200, 59338, 84, 620.84, 56, 1965, 3996
2026/10/02 18:11:19.157, 7, NVIDIA B200, 60112, 95, 597.05, 49, 1965, 3996
2026/10/02 18:11:20.157, 0, NVIDIA B200, 60102, 100, 943.02, 65, 1515, 3996
2026/10/02 18:11:20.157, 1, NVIDIA B200, 60096, 100, 924.26, 59, 1440, 3996
2026/10/02 18:11:20.157, 2, NVIDIA B200, 59506, 100, 994.02, 66, 1410, 3996
2026/10/02 18:11:20.157, 3, NVIDIA B200, 59464, 100, 929.71, 57, 1470, 3996
2026/10/02 18:11:20.157, 4, NVIDIA B200, 59472, 100, 955.27, 67, 1477, 3996
2026/10/02 18:11:20.157, 5, NVIDIA B200, 59708, 100, 956.17, 55, 1507, 3996
2026/10/02 18:11:20.157, 6, NVIDIA B200, 59338, 100, 954.72, 64, 1327, 3996
2026/10/02 18:11:20.157, 7, NVIDIA B200, 60112, 100, 936.69, 55, 1507, 3996
2026/10/02 18:11:21.157, 0, NVIDIA B200, 60102, 0, 435.92, 53, 1965, 3996
2026/10/02 18:11:21.158, 1, NVIDIA B200, 60096, 0, 458.26, 45, 1965, 3996
2026/10/02 18:11:21.158, 2, NVIDIA B200, 59506, 0, 389.38, 52, 1965, 3996
2026/10/02 18:11:21.158, 3, NVIDIA B200, 59464, 0, 425.94, 43, 1965, 3996
2026/10/02 18:11:21.158, 4, NVIDIA B200, 59472, 0, 461.52, 54, 1965, 3996
2026/10/02 18:11:21.158, 5, NVIDIA B200, 59708, 0, 414.15, 42, 1965, 3996
2026/10/02 18:11:21.158, 6, NVIDIA B200, 59338, 0, 415.82, 53, 1965, 3996
2026/10/02 18:11:21.158, 7, NVIDIA B200, 60112, 0, 455.65, 42, 1965, 3996
2026/10/02 18:11:22.158, 0, NVIDIA B200, 60102, 67, 287.95, 56, 1965, 3996
2026/10/02 18:11:22.158, 1, NVIDIA B200, 60096, 10, 263.71, 48, 1965, 3996
2026/10/02 18:11:22.158, 2, NVIDIA B200, 59506, 89, 293.58, 57, 1965, 3996
2026/10/02 18:11:22.158, 3, NVIDIA B200, 59464, 0, 250.88, 47, 1965, 3996
2026/10/02 18:11:22.158, 4, NVIDIA B200, 59472, 50, 246.54, 56, 1965, 3996
2026/10/02 18:11:22.158, 5, NVIDIA B200, 59708, 71, 257.18, 44, 1965, 3996
2026/10/02 18:11:22.158, 6, NVIDIA B200, 59338, 52, 272.54, 57, 1965, 3996
2026/10/02 18:11:22.158, 7, NVIDIA B200, 60112, 8, 231.89, 43, 1965, 3996
2026/10/02 18:11:23.158, 0, NVIDIA B200, 60102, 100, 776.56, 64, 1560, 3996
2026/10/02 18:11:23.158, 1, NVIDIA B200, 60096, 100, 751.49, 55, 1507, 3996
2026/10/02 18:11:23.158, 2, NVIDIA B200, 59506, 100, 797.40, 64, 1507, 3996
2026/10/02 18:11:23.158, 3, NVIDIA B200, 59464, 100, 778.78, 55, 1597, 3996
2026/10/02 18:11:23.158, 4, NVIDIA B200, 59472, 100, 797.67, 65, 1537, 3996
2026/10/02 18:11:23.158, 5, NVIDIA B200, 59708, 100, 779.22, 54, 1545, 3996
2026/10/02 18:11:23.158, 6, NVIDIA B200, 59338, 100, 793.37, 65, 1597, 3996
2026/10/02 18:11:23.158, 7, NVIDIA B200, 60112, 100, 759.98, 52, 1477, 3996
2026/10/02 18:11:24.159, 0, NVIDIA B200, 60102, 100, 939.01, 66, 1725, 3996
2026/10/02 18:11:24.159, 1, NVIDIA B200, 60096, 100, 946.51, 56, 1582, 3996
2026/10/02 18:11:24.159, 2, NVIDIA B200, 59506, 65, 897.76, 57, 1942, 3996
2026/10/02 18:11:24.159, 3, NVIDIA B200, 59464, 100, 917.26, 52, 1837, 3996
2026/10/02 18:11:24.159, 4, NVIDIA B200, 59472, 100, 947.66, 65, 1447, 3996
2026/10/02 18:11:24.159, 5, NVIDIA B200, 59708, 61, 924.72, 49, 1942, 3996
2026/10/02 18:11:24.159, 6, NVIDIA B200, 59338, 100, 905.62, 58, 1882, 3996
2026/10/02 18:11:24.159, 7, NVIDIA B200, 60112, 100, 960.41, 52, 1650, 3996
2026/10/02 18:11:25.159, 0, NVIDIA B200, 60102, 0, 216.63, 52, 1965, 3996
2026/10/02 18:11:25.162, 1, NVIDIA B200, 60096, 0, 209.00, 44, 1965, 3996
2026/10/02 18:11:25.162, 2, NVIDIA B200, 59506, 0, 204.67, 51, 1965, 3996
2026/10/02 18:11:25.162, 3, NVIDIA B200, 59464, 0, 200.73, 42, 1965, 3996
2026/10/02 18:11:25.162, 4, NVIDIA B200, 59472, 0, 217.42, 53, 1965, 3996
2026/10/02 18:11:25.162, 5, NVIDIA B200, 59708, 0, 199.45, 41, 1965, 3996
2026/10/02 18:11:25.166, 6, NVIDIA B200, 59338, 0, 214.03, 52, 1965, 3996
2026/10/02 18:11:25.166, 7, NVIDIA B200, 60112, 0, 198.04, 41, 1965, 3996
2026/10/02 18:11:26.166, 0, NVIDIA B200, 60102, 83, 632.36, 56, 1965, 3996
2026/10/02 18:11:26.166, 1, NVIDIA B200, 60096, 58, 622.16, 47, 1965, 3996
2026/10/02 18:11:26.166, 2, NVIDIA B200, 59506, 92, 685.91, 63, 1575, 3996
2026/10/02 18:11:26.166, 3, NVIDIA B200, 59464, 63, 650.57, 46, 1965, 3996
2026/10/02 18:11:26.166, 4, NVIDIA B200, 59472, 62, 618.04, 58, 1965, 3996
2026/10/02 18:11:26.166, 5, NVIDIA B200, 59708, 96, 641.59, 44, 1965, 3996
2026/10/02 18:11:26.166, 6, NVIDIA B200, 59338, 78, 678.87, 63, 1965, 3996
2026/10/02 18:11:26.167, 7, NVIDIA B200, 60112, 100, 610.78, 44, 1965, 3996
2026/10/02 18:11:27.167, 0, NVIDIA B200, 60102, 100, 996.32, 65, 1500, 3996
2026/10/02 18:11:27.167, 1, NVIDIA B200, 60096, 100, 988.26, 57, 1440, 3996
2026/10/02 18:11:27.167, 2, NVIDIA B200, 59506, 100, 984.21, 66, 1410, 3996
2026/10/02 18:11:27.167, 3, NVIDIA B200, 59464, 100, 996.28, 58, 1492, 3996
2026/10/02 18:11:27.167, 4, NVIDIA B200, 59472, 100, 994.37, 67, 1515, 3996
2026/10/02 18:11:27.167, 5, NVIDIA B200, 59708, 100, 993.30, 55, 1575, 3996
2026/10/02 18:11:27.167, 6, NVIDIA B200, 59338, 100, 993.06, 65, 1477, 3996
2026/10/02 18:11:27.167, 7, NVIDIA B200, 60112, 100, 994.24, 55, 1470, 3996
2026/10/02 18:11:28.183, 0, NVIDIA B200, 60102, 0, 381.23, 52, 1965, 3996
2026/10/02 18:11:28.183, 1, NVIDIA B200, 60096, 0, 376.52, 45, 1965, 3996
2026/10/02 18:11:28.183, 2, NVIDIA B200, 59506, 0, 333.28, 52, 1965, 3996
2026/10/02 18:11:28.183, 3, NVIDIA B200, 59464, 0, 357.88, 43, 1965, 3996
2026/10/02 18:11:28.183, 4, NVIDIA B200, 59472, 0, 386.35, 53, 1965, 3996
2026/10/02 18:11:28.183, 5, NVIDIA B200, 59708, 0, 349.26, 41, 1965, 3996
2026/10/02 18:11:28.183, 6, NVIDIA B200, 59338, 0, 355.53, 52, 1965, 3996
2026/10/02 18:11:28.183, 7, NVIDIA B200, 60112, 0, 377.28, 41, 1965, 3996
2026/10/02 18:11:29.184, 0, NVIDIA B200, 60102, 95, 340.64, 59, 1965, 3996
2026/10/02 18:11:29.184, 1, NVIDIA B200, 60096, 78, 317.95, 49, 1965, 3996
2026/10/02 18:11:29.184, 2, NVIDIA B200, 59506, 95, 358.79, 58, 1965, 3996
2026/10/02 18:11:29.184, 3, NVIDIA B200, 59464, 93, 327.56, 49, 1965, 3996
2026/10/02 18:11:29.184, 4, NVIDIA B200, 59472, 95, 355.56, 59, 1965, 3996
2026/10/02 18:11:29.184, 5, NVIDIA B200, 59708, 95, 339.71, 48, 1965, 3996
2026/10/02 18:11:29.184, 6, NVIDIA B200, 59338, 82, 335.08, 59, 1965, 3996
2026/10/02 18:11:29.184, 7, NVIDIA B200, 60112, 62, 294.86, 45, 1965, 3996
2026/10/02 18:11:30.184, 0, NVIDIA B200, 60102, 100, 796.44, 59, 1522, 3996
2026/10/02 18:11:30.184, 1, NVIDIA B200, 60096, 100, 794.65, 56, 1567, 3996
2026/10/02 18:11:30.184, 2, NVIDIA B200, 59506, 97, 813.43, 64, 1665, 3996
2026/10/02 18:11:30.184, 3, NVIDIA B200, 59464, 100, 796.42, 56, 1537, 3996
2026/10/02 18:11:30.184, 4, NVIDIA B200, 59472, 100, 783.26, 65, 1635, 3996
2026/10/02 18:11:30.184, 5, NVIDIA B200, 59708, 98, 767.78, 54, 1552, 3996
2026/10/02 18:11:30.184, 6, NVIDIA B200, 59338, 100, 815.44, 64, 1725, 3996
2026/10/02 18:11:30.184, 7, NVIDIA B200, 60112, 100, 815.29, 53, 1567, 3996
2026/10/02 18:11:31.184, 0, NVIDIA B200, 60102, 17, 845.99, 56, 1965, 3996
2026/10/02 18:11:31.184, 1, NVIDIA B200, 60096, 85, 853.93, 50, 1965, 3996
2026/10/02 18:11:31.184, 2, NVIDIA B200, 59506, 0, 811.43, 56, 1965, 3996
2026/10/02 18:11:31.184, 3, NVIDIA B200, 59464, 58, 843.64, 48, 1965, 3996
2026/10/02 18:11:31.185, 4, NVIDIA B200, 59472, 1, 845.99, 59, 1965, 3996
2026/10/02 18:11:31.185, 5, NVIDIA B200, 59708, 0, 834.11, 45, 1965, 3996
2026/10/02 18:11:31.185, 6, NVIDIA B200, 59338, 0, 834.65, 56, 1965, 3996
2026/10/02 18:11:31.185, 7, NVIDIA B200, 60112, 0, 852.64, 46, 1965, 3996
2026/10/02 18:11:32.185, 0, NVIDIA B200, 60102, 0, 223.65, 56, 1965, 3996
2026/10/02 18:11:32.185, 1, NVIDIA B200, 60096, 0, 206.54, 43, 1965, 3996
2026/10/02 18:11:32.185, 2, NVIDIA B200, 59506, 0, 229.27, 54, 1965, 3996
2026/10/02 18:11:32.185, 3, NVIDIA B200, 59464, 0, 200.17, 42, 1965, 3996
2026/10/02 18:11:32.185, 4, NVIDIA B200, 59472, 0, 223.09, 52, 1965, 3996
2026/10/02 18:11:32.185, 5, NVIDIA B200, 59708, 8, 214.27, 41, 1965, 3996
2026/10/02 18:11:32.185, 6, NVIDIA B200, 59338, 0, 229.16, 54, 1965, 3996
2026/10/02 18:11:32.185, 7, NVIDIA B200, 60112, 10, 205.48, 41, 1965, 3996
2026/10/02 18:11:33.185, 0, NVIDIA B200, 60102, 100, 733.97, 63, 1537, 3996
2026/10/02 18:11:33.185, 1, NVIDIA B200, 60096, 58, 737.42, 56, 1500, 3996
2026/10/02 18:11:33.185, 2, NVIDIA B200, 59506, 100, 777.20, 63, 1522, 3996
2026/10/02 18:11:33.185, 3, NVIDIA B200, 59464, 100, 747.40, 53, 1507, 3996
2026/10/02 18:11:33.185, 4, NVIDIA B200, 59472, 100, 731.21, 64, 1522, 3996
2026/10/02 18:11:33.185, 5, NVIDIA B200, 59708, 100, 728.85, 51, 1417, 3996
2026/10/02 18:11:33.185, 6, NVIDIA B200, 59338, 96, 756.43, 64, 1530, 3996
2026/10/02 18:11:33.185, 7, NVIDIA B200, 60112, 100, 710.89, 51, 1515, 3996
2026/10/02 18:11:34.186, 0, NVIDIA B200, 60102, 100, 983.62, 65, 1485, 3996
2026/10/02 18:11:34.186, 1, NVIDIA B200, 60096, 100, 979.55, 58, 1365, 3996
2026/10/02 18:11:34.186, 2, NVIDIA B200, 59506, 100, 971.11, 66, 1485, 3996
2026/10/02 18:11:34.186, 3, NVIDIA B200, 59464, 100, 979.43, 58, 1440, 3996
2026/10/02 18:11:34.186, 4, NVIDIA B200, 59472, 100, 979.34, 68, 1440, 3996
2026/10/02 18:11:34.186, 5, NVIDIA B200, 59708, 100, 981.99, 55, 1500, 3996
2026/10/02 18:11:34.186, 6, NVIDIA B200, 59338, 100, 973.93, 66, 1410, 3996
2026/10/02 18:11:34.186, 7, NVIDIA B200, 60112, 100, 982.10, 54, 1455, 3996
2026/10/02 18:11:35.186, 0, NVIDIA B200, 60102, 0, 279.35, 52, 1965, 3996
2026/10/02 18:11:35.186, 1, NVIDIA B200, 60096, 0, 284.89, 44, 1965, 3996
2026/10/02 18:11:35.186, 2, NVIDIA B200, 59506, 0, 231.98, 52, 1965, 3996
2026/10/02 18:11:35.186, 3, NVIDIA B200, 59464, 0, 267.62, 43, 1965, 3996
2026/10/02 18:11:35.186, 4, NVIDIA B200, 59472, 0, 297.00, 53, 1965, 3996
2026/10/02 18:11:35.186, 5, NVIDIA B200, 59708, 0, 265.75, 41, 1965, 3996
2026/10/02 18:11:35.186, 6, NVIDIA B200, 59338, 0, 267.06, 52, 1965, 3996
2026/10/02 18:11:35.186, 7, NVIDIA B200, 60112, 0, 283.06, 41, 1965, 3996
2026/10/02 18:11:36.186, 0, NVIDIA B200, 60102, 95, 449.47, 60, 1965, 3996
2026/10/02 18:11:36.186, 1, NVIDIA B200, 60096, 95, 421.37, 50, 1965, 3996
2026/10/02 18:11:36.187, 2, NVIDIA B200, 59506, 95, 454.54, 60, 1965, 3996
2026/10/02 18:11:36.187, 3, NVIDIA B200, 59464, 95, 425.43, 50, 1965, 3996
2026/10/02 18:11:36.187, 4, NVIDIA B200, 59472, 94, 408.55, 60, 1965, 3996
2026/10/02 18:11:36.187, 5, NVIDIA B200, 59708, 95, 432.25, 49, 1965, 3996
2026/10/02 18:11:36.187, 6, NVIDIA B200, 59338, 85, 432.20, 60, 1965, 3996
2026/10/02 18:11:36.187, 7, NVIDIA B200, 60112, 95, 421.09, 48, 1965, 3996
2026/10/02 18:11:37.187, 0, NVIDIA B200, 60102, 100, 862.49, 65, 1447, 3996
2026/10/02 18:11:37.187, 1, NVIDIA B200, 60096, 86, 867.21, 58, 1455, 3996
2026/10/02 18:11:37.187, 2, NVIDIA B200, 59506, 100, 890.67, 65, 1492, 3996
2026/10/02 18:11:37.187, 3, NVIDIA B200, 59464, 99, 854.45, 55, 1485, 3996
2026/10/02 18:11:37.187, 4, NVIDIA B200, 59472, 100, 884.96, 66, 1462, 3996
2026/10/02 18:11:37.187, 5, NVIDIA B200, 59708, 100, 851.03, 53, 1417, 3996
2026/10/02 18:11:37.187, 6, NVIDIA B200, 59338, 100, 881.10, 65, 1507, 3996
2026/10/02 18:11:37.187, 7, NVIDIA B200, 60112, 100, 830.72, 54, 1500, 3996
2026/10/02 18:11:38.187, 0, NVIDIA B200, 60102, 0, 682.60, 54, 1965, 3996
2026/10/02 18:11:38.187, 1, NVIDIA B200, 60096, 0, 684.09, 47, 1965, 3996
2026/10/02 18:11:38.188, 2, NVIDIA B200, 59506, 0, 632.03, 53, 1965, 3996
2026/10/02 18:11:38.188, 3, NVIDIA B200, 59464, 0, 684.36, 45, 1965, 3996
2026/10/02 18:11:38.188, 4, NVIDIA B200, 59472, 0, 697.23, 56, 1965, 3996
2026/10/02 18:11:38.188, 5, NVIDIA B200, 59708, 0, 672.80, 43, 1965, 3996
2026/10/02 18:11:38.188, 6, NVIDIA B200, 59338, 0, 657.40, 54, 1965, 3996
2026/10/02 18:11:38.188, 7, NVIDIA B200, 60112, 0, 697.06, 43, 1965, 3996
2026/10/02 18:11:39.188, 0, NVIDIA B200, 60102, 93, 341.38, 59, 1965, 3996
2026/10/02 18:11:39.188, 1, NVIDIA B200, 60096, 48, 313.21, 49, 1965, 3996
2026/10/02 18:11:39.188, 2, NVIDIA B200, 59506, 89, 337.83, 59, 1965, 3996
2026/10/02 18:11:39.188, 3, NVIDIA B200, 59464, 90, 321.35, 49, 1965, 3996
2026/10/02 18:11:39.188, 4, NVIDIA B200, 59472, 65, 276.70, 54, 1965, 3996
2026/10/02 18:11:39.188, 5, NVIDIA B200, 59708, 77, 282.56, 46, 1965, 3996
2026/10/02 18:11:39.188, 6, NVIDIA B200, 59338, 75, 309.65, 56, 1965, 3996
2026/10/02 18:11:39.188, 7, NVIDIA B200, 60112, 79, 282.27, 45, 1965, 3996
2026/10/02 18:11:40.188, 0, NVIDIA B200, 60102, 100, 782.66, 64, 1485, 3996
2026/10/02 18:11:40.189, 1, NVIDIA B200, 60096, 100, 788.53, 56, 1552, 3996
2026/10/02 18:11:40.189, 2, NVIDIA B200, 59506, 100, 803.54, 60, 1447, 3996
2026/10/02 18:11:40.189, 3, NVIDIA B200, 59464, 100, 777.32, 55, 1545, 3996
2026/10/02 18:11:40.189, 4, NVIDIA B200, 59472, 100, 839.46, 66, 1507, 3996
2026/10/02 18:11:40.189, 5, NVIDIA B200, 59708, 100, 807.79, 53, 1447, 3996
2026/10/02 18:11:40.189, 6, NVIDIA B200, 59338, 100, 809.29, 65, 1575, 3996
2026/10/02 18:11:40.189, 7, NVIDIA B200, 60112, 100, 782.04, 53, 1545, 3996
2026/10/02 18:11:41.189, 0, NVIDIA B200, 60102, 100, 878.40, 57, 1957, 3996
2026/10/02 18:11:41.189, 1, NVIDIA B200, 60096, 100, 888.94, 52, 1957, 3996
2026/10/02 18:11:41.189, 2, NVIDIA B200, 59506, 73, 851.31, 57, 1965, 3996
2026/10/02 18:11:41.189, 3, NVIDIA B200, 59464, 100, 884.08, 50, 1957, 3996
2026/10/02 18:11:41.189, 4, NVIDIA B200, 59472, 89, 906.63, 61, 1957, 3996
2026/10/02 18:11:41.189, 5, NVIDIA B200, 59708, 63, 882.55, 47, 1965, 3996
2026/10/02 18:11:41.189, 6, NVIDIA B200, 59338, 93, 870.50, 57, 1957, 3996
2026/10/02 18:11:41.189, 7, NVIDIA B200, 60112, 74, 902.65, 47, 1965, 3996
2026/10/02 18:11:42.189, 0, NVIDIA B200, 60102, 0, 216.82, 52, 1965, 3996
2026/10/02 18:11:42.189, 1, NVIDIA B200, 60096, 0, 208.81, 44, 1965, 3996
2026/10/02 18:11:42.189, 2, NVIDIA B200, 59506, 0, 204.66, 51, 1965, 3996
2026/10/02 18:11:42.189, 3, NVIDIA B200, 59464, 0, 201.34, 42, 1965, 3996
2026/10/02 18:11:42.190, 4, NVIDIA B200, 59472, 0, 219.42, 52, 1965, 3996
2026/10/02 18:11:42.190, 5, NVIDIA B200, 59708, 0, 200.29, 41, 1965, 3996
2026/10/02 18:11:42.190, 6, NVIDIA B200, 59338, 0, 214.09, 52, 1965, 3996
2026/10/02 18:11:42.190, 7, NVIDIA B200, 60112, 0, 201.44, 41, 1965, 3996
2026/10/02 18:11:43.190, 0, NVIDIA B200, 60102, 95, 577.32, 61, 1965, 3996
2026/10/02 18:11:43.190, 1, NVIDIA B200, 60096, 95, 527.24, 52, 1965, 3996
2026/10/02 18:11:43.190, 2, NVIDIA B200, 59506, 95, 573.66, 61, 1965, 3996
2026/10/02 18:11:43.190, 3, NVIDIA B200, 59464, 95, 541.89, 52, 1965, 3996
2026/10/02 18:11:43.190, 4, NVIDIA B200, 59472, 95, 519.64, 61, 1965, 3996
2026/10/02 18:11:43.190, 5, NVIDIA B200, 59708, 95, 500.60, 49, 1965, 3996
2026/10/02 18:11:43.190, 6, NVIDIA B200, 59338, 95, 581.07, 60, 1965, 3996
2026/10/02 18:11:43.190, 7, NVIDIA B200, 60112, 95, 524.49, 49, 1965, 3996
2026/10/02 18:11:44.190, 0, NVIDIA B200, 60102, 100, 871.94, 66, 1500, 3996
2026/10/02 18:11:44.190, 1, NVIDIA B200, 60096, 100, 909.01, 59, 1425, 3996
2026/10/02 18:11:44.190, 2, NVIDIA B200, 59506, 100, 913.25, 64, 1395, 3996
2026/10/02 18:11:44.190, 3, NVIDIA B200, 59464, 100, 886.72, 56, 1477, 3996
2026/10/02 18:11:44.190, 4, NVIDIA B200, 59472, 100, 921.33, 68, 1515, 3996
2026/10/02 18:11:44.190, 5, NVIDIA B200, 59708, 100, 923.03, 55, 1530, 3996
2026/10/02 18:11:44.190, 6, NVIDIA B200, 59338, 100, 886.09, 64, 1440, 3996
2026/10/02 18:11:44.190, 7, NVIDIA B200, 60112, 100, 886.53, 55, 1500, 3996
2026/10/02 18:11:45.191, 0, NVIDIA B200, 60102, 0, 545.52, 53, 1965, 3996
2026/10/02 18:11:45.191, 1, NVIDIA B200, 60096, 0, 534.81, 46, 1965, 3996
2026/10/02 18:11:45.191, 2, NVIDIA B200, 59506, 0, 503.54, 53, 1965, 3996
2026/10/02 18:11:45.191, 3, NVIDIA B200, 59464, 0, 530.61, 44, 1965, 3996
2026/10/02 18:11:45.191, 4, NVIDIA B200, 59472, 0, 543.55, 54, 1965, 3996
2026/10/02 18:11:45.191, 5, NVIDIA B200, 59708, 0, 545.62, 42, 1965, 3996
2026/10/02 18:11:45.191, 6, NVIDIA B200, 59338, 0, 513.69, 53, 1965, 3996
2026/10/02 18:11:45.191, 7, NVIDIA B200, 60112, 0, 547.69, 42, 1965, 3996
2026/10/02 18:11:46.191, 0, NVIDIA B200, 60102, 93, 391.00, 59, 1965, 3996
2026/10/02 18:11:46.191, 1, NVIDIA B200, 60096, 95, 417.44, 51, 1965, 3996
2026/10/02 18:11:46.191, 2, NVIDIA B200, 59506, 95, 447.68, 60, 1965, 3996
2026/10/02 18:11:46.191, 3, NVIDIA B200, 59464, 95, 434.76, 51, 1965, 3996
2026/10/02 18:11:46.191, 4, NVIDIA B200, 59472, 95, 435.63, 60, 1965, 3996
2026/10/02 18:11:46.191, 5, NVIDIA B200, 59708, 72, 369.90, 45, 1965, 3996
2026/10/02 18:11:46.191, 6, NVIDIA B200, 59338, 95, 467.23, 61, 1965, 3996
2026/10/02 18:11:46.191, 7, NVIDIA B200, 60112, 95, 411.32, 48, 1965, 3996
2026/10/02 18:11:47.192, 0, NVIDIA B200, 60102, 100, 858.95, 63, 1402, 3996
2026/10/02 18:11:47.192, 1, NVIDIA B200, 60096, 99, 828.93, 57, 1470, 3996
2026/10/02 18:11:47.192, 2, NVIDIA B200, 59506, 100, 835.65, 66, 1500, 3996
2026/10/02 18:11:47.192, 3, NVIDIA B200, 59464, 85, 801.11, 56, 1440, 3996
2026/10/02 18:11:47.192, 4, NVIDIA B200, 59472, 88, 810.48, 66, 1440, 3996
2026/10/02 18:11:47.192, 5, NVIDIA B200, 59708, 100, 873.11, 54, 1492, 3996
2026/10/02 18:11:47.192, 6, NVIDIA B200, 59338, 100, 801.84, 65, 1357, 3996
2026/10/02 18:11:47.192, 7, NVIDIA B200, 60112, 100, 772.64, 53, 1440, 3996
2026/10/02 18:11:48.192, 0, NVIDIA B200, 60102, 0, 763.79, 55, 1965, 3996
2026/10/02 18:11:48.193, 1, NVIDIA B200, 60096, 100, 751.83, 49, 1965, 3996
2026/10/02 18:11:48.193, 2, NVIDIA B200, 59506, 0, 713.38, 55, 1965, 3996
2026/10/02 18:11:48.193, 3, NVIDIA B200, 59464, 91, 748.05, 46, 1965, 3996
2026/10/02 18:11:48.193, 4, NVIDIA B200, 59472, 52, 766.67, 58, 1965, 3996
2026/10/02 18:11:48.193, 5, NVIDIA B200, 59708, 17, 740.10, 44, 1965, 3996
2026/10/02 18:11:48.193, 6, NVIDIA B200, 59338, 0, 737.88, 55, 1965, 3996
2026/10/02 18:11:48.193, 7, NVIDIA B200, 60112, 21, 781.38, 44, 1965, 3996
2026/10/02 18:11:49.193, 0, NVIDIA B200, 60102, 0, 214.87, 51, 1965, 3996
2026/10/02 18:11:49.193, 1, NVIDIA B200, 60096, 0, 205.77, 43, 1965, 3996
2026/10/02 18:11:49.193, 2, NVIDIA B200, 59506, 0, 204.37, 51, 1965, 3996
2026/10/02 18:11:49.193, 3, NVIDIA B200, 59464, 0, 199.06, 42, 1965, 3996
2026/10/02 18:11:49.193, 4, NVIDIA B200, 59472, 0, 215.09, 52, 1965, 3996
2026/10/02 18:11:49.193, 5, NVIDIA B200, 59708, 0, 198.43, 41, 1965, 3996
2026/10/02 18:11:49.193, 6, NVIDIA B200, 59338, 0, 212.52, 51, 1965, 3996
2026/10/02 18:11:49.193, 7, NVIDIA B200, 60112, 0, 197.79, 41, 1965, 3996
2026/10/02 18:11:50.194, 0, NVIDIA B200, 60102, 95, 593.10, 61, 1965, 3996
2026/10/02 18:11:50.194, 1, NVIDIA B200, 60096, 95, 562.26, 52, 1965, 3996
2026/10/02 18:11:50.194, 2, NVIDIA B200, 59506, 95, 616.69, 61, 1965, 3996
2026/10/02 18:11:50.194, 3, NVIDIA B200, 59464, 95, 593.58, 52, 1965, 3996
2026/10/02 18:11:50.194, 4, NVIDIA B200, 59472, 95, 547.30, 61, 1965, 3996
2026/10/02 18:11:50.194, 5, NVIDIA B200, 59708, 95, 593.14, 50, 1965, 3996
2026/10/02 18:11:50.194, 6, NVIDIA B200, 59338, 95, 594.77, 61, 1965, 3996
2026/10/02 18:11:50.194, 7, NVIDIA B200, 60112, 95, 514.59, 48, 1965, 3996
2026/10/02 18:11:51.194, 0, NVIDIA B200, 60102, 100, 895.15, 66, 1485, 3996
2026/10/02 18:11:51.194, 1, NVIDIA B200, 60096, 100, 916.75, 59, 1335, 3996
2026/10/02 18:11:51.194, 2, NVIDIA B200, 59506, 100, 917.58, 65, 1417, 3996
2026/10/02 18:11:51.194, 3, NVIDIA B200, 59464, 100, 893.20, 57, 1455, 3996
2026/10/02 18:11:51.194, 4, NVIDIA B200, 59472, 100, 916.72, 67, 1515, 3996
2026/10/02 18:11:51.194, 5, NVIDIA B200, 59708, 100, 884.78, 54, 1477, 3996
2026/10/02 18:11:51.194, 6, NVIDIA B200, 59338, 100, 906.78, 66, 1522, 3996
2026/10/02 18:11:51.194, 7, NVIDIA B200, 60112, 100, 927.51, 54, 1515, 3996
2026/10/02 18:11:52.194, 0, NVIDIA B200, 60102, 0, 512.04, 53, 1965, 3996
2026/10/02 18:11:52.194, 1, NVIDIA B200, 60096, 0, 498.41, 45, 1965, 3996
2026/10/02 18:11:52.194, 2, NVIDIA B200, 59506, 0, 434.18, 52, 1965, 3996
2026/10/02 18:11:52.194, 3, NVIDIA B200, 59464, 0, 471.76, 43, 1965, 3996
2026/10/02 18:11:52.195, 4, NVIDIA B200, 59472, 0, 508.57, 54, 1965, 3996
2026/10/02 18:11:52.195, 5, NVIDIA B200, 59708, 0, 480.65, 42, 1965, 3996
2026/10/02 18:11:52.195, 6, NVIDIA B200, 59338, 0, 482.21, 53, 1965, 3996
2026/10/02 18:11:52.195, 7, NVIDIA B200, 60112, 0, 504.35, 42, 1965, 3996
2026/10/02 18:11:53.195, 0, NVIDIA B200, 60102, 95, 418.14, 59, 1965, 3996
2026/10/02 18:11:53.195, 1, NVIDIA B200, 60096, 68, 377.74, 50, 1965, 3996
2026/10/02 18:11:53.195, 2, NVIDIA B200, 59506, 95, 492.32, 60, 1965, 3996
2026/10/02 18:11:53.195, 3, NVIDIA B200, 59464, 95, 454.21, 51, 1965, 3996
2026/10/02 18:11:53.195, 4, NVIDIA B200, 59472, 95, 435.45, 59, 1965, 3996
2026/10/02 18:11:53.195, 5, NVIDIA B200, 59708, 94, 470.58, 49, 1965, 3996
2026/10/02 18:11:53.195, 6, NVIDIA B200, 59338, 95, 490.42, 61, 1965, 3996
2026/10/02 18:11:53.195, 7, NVIDIA B200, 60112, 88, 421.37, 49, 1965, 3996
2026/10/02 18:11:54.195, 0, NVIDIA B200, 60102, 100, 833.57, 65, 1485, 3996
2026/10/02 18:11:54.195, 1, NVIDIA B200, 60096, 88, 871.28, 58, 1365, 3996
2026/10/02 18:11:54.195, 2, NVIDIA B200, 59506, 100, 816.43, 64, 1432, 3996
2026/10/02 18:11:54.195, 3, NVIDIA B200, 59464, 82, 822.49, 57, 1500, 3996
2026/10/02 18:11:54.195, 4, NVIDIA B200, 59472, 89, 825.12, 67, 1492, 3996
2026/10/02 18:11:54.195, 5, NVIDIA B200, 59708, 100, 785.28, 53, 1477, 3996
2026/10/02 18:11:54.195, 6, NVIDIA B200, 59338, 100, 795.66, 64, 1477, 3996
2026/10/02 18:11:54.195, 7, NVIDIA B200, 60112, 100, 808.27, 54, 1522, 3996
2026/10/02 18:11:55.196, 0, NVIDIA B200, 60102, 0, 727.57, 54, 1965, 3996
2026/10/02 18:11:55.196, 1, NVIDIA B200, 60096, 0, 728.25, 48, 1965, 3996
2026/10/02 18:11:55.196, 2, NVIDIA B200, 59506, 0, 680.64, 54, 1965, 3996
2026/10/02 18:11:55.196, 3, NVIDIA B200, 59464, 0, 706.62, 45, 1965, 3996
2026/10/02 18:11:55.196, 4, NVIDIA B200, 59472, 0, 749.96, 57, 1965, 3996
2026/10/02 18:11:55.216, 5, NVIDIA B200, 59708, 0, 727.32, 44, 1965, 3996
2026/10/02 18:11:55.216, 6, NVIDIA B200, 59338, 0, 709.77, 54, 1965, 3996
2026/10/02 18:11:55.216, 7, NVIDIA B200, 60112, 0, 668.54, 43, 1965, 3996
2026/10/02 18:11:56.216, 0, NVIDIA B200, 60102, 0, 214.33, 51, 1965, 3996
2026/10/02 18:11:56.216, 1, NVIDIA B200, 60096, 0, 205.49, 43, 1965, 3996
2026/10/02 18:11:56.216, 2, NVIDIA B200, 59506, 0, 203.52, 51, 1965, 3996
2026/10/02 18:11:56.216, 3, NVIDIA B200, 59464, 0, 198.60, 42, 1965, 3996
2026/10/02 18:11:56.216, 4, NVIDIA B200, 59472, 0, 214.43, 52, 1965, 3996
2026/10/02 18:11:56.216, 5, NVIDIA B200, 59708, 0, 198.22, 40, 1965, 3996
2026/10/02 18:11:56.216, 6, NVIDIA B200, 59338, 0, 212.12, 51, 1965, 3996
2026/10/02 18:11:56.216, 7, NVIDIA B200, 60112, 0, 197.18, 40, 1965, 3996
2026/10/02 18:11:57.217, 0, NVIDIA B200, 60102, 100, 641.52, 55, 1965, 3996
2026/10/02 18:11:57.217, 1, NVIDIA B200, 60096, 95, 620.84, 51, 1965, 3996
2026/10/02 18:11:57.217, 2, NVIDIA B200, 59506, 99, 697.39, 61, 1620, 3996
2026/10/02 18:11:57.217, 3, NVIDIA B200, 59464, 95, 647.80, 53, 1965, 3996
2026/10/02 18:11:57.217, 4, NVIDIA B200, 59472, 59, 619.44, 58, 1965, 3996
2026/10/02 18:11:57.217, 5, NVIDIA B200, 59708, 62, 627.38, 46, 1965, 3996
2026/10/02 18:11:57.217, 6, NVIDIA B200, 59338, 62, 646.45, 58, 1965, 3996
2026/10/02 18:11:57.217, 7, NVIDIA B200, 60112, 62, 686.29, 50, 1545, 3996
2026/10/02 18:11:58.217, 0, NVIDIA B200, 60102, 100, 1003.18, 66, 1537, 3996
2026/10/02 18:11:58.217, 1, NVIDIA B200, 60096, 100, 991.22, 59, 1432, 3996
2026/10/02 18:11:58.217, 2, NVIDIA B200, 59506, 100, 987.79, 65, 1432, 3996
2026/10/02 18:11:58.217, 3, NVIDIA B200, 59464, 100, 988.22, 57, 1447, 3996
2026/10/02 18:11:58.217, 4, NVIDIA B200, 59472, 100, 990.05, 67, 1462, 3996
2026/10/02 18:11:58.217, 5, NVIDIA B200, 59708, 100, 991.46, 55, 1477, 3996
2026/10/02 18:11:58.217, 6, NVIDIA B200, 59338, 100, 998.90, 65, 1402, 3996
2026/10/02 18:11:58.217, 7, NVIDIA B200, 60112, 100, 981.40, 54, 1507, 3996
2026/10/02 18:11:59.217, 0, NVIDIA B200, 60102, 0, 367.18, 52, 1965, 3996
2026/10/02 18:11:59.217, 1, NVIDIA B200, 60096, 0, 366.65, 44, 1965, 3996
2026/10/02 18:11:59.218, 2, NVIDIA B200, 59506, 0, 318.04, 52, 1965, 3996
2026/10/02 18:11:59.218, 3, NVIDIA B200, 59464, 0, 338.55, 43, 1965, 3996
2026/10/02 18:11:59.218, 4, NVIDIA B200, 59472, 0, 382.26, 53, 1965, 3996
2026/10/02 18:11:59.218, 5, NVIDIA B200, 59708, 0, 351.12, 41, 1965, 3996
2026/10/02 18:11:59.218, 6, NVIDIA B200, 59338, 0, 347.61, 52, 1965, 3996
2026/10/02 18:11:59.218, 7, NVIDIA B200, 60112, 0, 293.20, 41, 1965, 3996
2026/10/02 18:12:00.218, 0, NVIDIA B200, 60102, 95, 552.90, 61, 1965, 3996
2026/10/02 18:12:00.218, 1, NVIDIA B200, 60096, 95, 519.20, 52, 1965, 3996
2026/10/02 18:12:00.218, 2, NVIDIA B200, 59506, 94, 592.25, 61, 1965, 3996
2026/10/02 18:12:00.218, 3, NVIDIA B200, 59464, 95, 575.85, 51, 1965, 3996
2026/10/02 18:12:00.218, 4, NVIDIA B200, 59472, 95, 556.48, 62, 1965, 3996
2026/10/02 18:12:00.218, 5, NVIDIA B200, 59708, 95, 530.20, 49, 1965, 3996
2026/10/02 18:12:00.218, 6, NVIDIA B200, 59338, 95, 539.51, 61, 1965, 3996
2026/10/02 18:12:00.218, 7, NVIDIA B200, 60112, 95, 564.56, 50, 1965, 3996
2026/10/02 18:12:01.218, 0, NVIDIA B200, 60102, 100, 931.07, 66, 1552, 3996
2026/10/02 18:12:01.218, 1, NVIDIA B200, 60096, 100, 920.88, 57, 1537, 3996
2026/10/02 18:12:01.218, 2, NVIDIA B200, 59506, 100, 923.34, 66, 1410, 3996
2026/10/02 18:12:01.218, 3, NVIDIA B200, 59464, 100, 890.96, 57, 1477, 3996
2026/10/02 18:12:01.218, 4, NVIDIA B200, 59472, 100, 888.02, 66, 1492, 3996
2026/10/02 18:12:01.218, 5, NVIDIA B200, 59708, 100, 921.86, 55, 1500, 3996
2026/10/02 18:12:01.218, 6, NVIDIA B200, 59338, 100, 928.37, 65, 1470, 3996
2026/10/02 18:12:01.219, 7, NVIDIA B200, 60112, 100, 942.90, 54, 1522, 3996
2026/10/02 18:12:02.219, 0, NVIDIA B200, 60102, 0, 529.18, 53, 1965, 3996
2026/10/02 18:12:02.219, 1, NVIDIA B200, 60096, 0, 529.33, 46, 1965, 3996
2026/10/02 18:12:02.219, 2, NVIDIA B200, 59506, 0, 482.36, 53, 1965, 3996
2026/10/02 18:12:02.219, 3, NVIDIA B200, 59464, 0, 509.42, 43, 1965, 3996
2026/10/02 18:12:02.219, 4, NVIDIA B200, 59472, 0, 539.50, 54, 1965, 3996
2026/10/02 18:12:02.219, 5, NVIDIA B200, 59708, 0, 520.77, 42, 1965, 3996
2026/10/02 18:12:02.219, 6, NVIDIA B200, 59338, 0, 526.90, 53, 1965, 3996
2026/10/02 18:12:02.219, 7, NVIDIA B200, 60112, 0, 469.89, 42, 1965, 3996
2026/10/02 18:12:03.219, 0, NVIDIA B200, 60102, 59, 244.98, 55, 1965, 3996
2026/10/02 18:12:03.219, 1, NVIDIA B200, 60096, 0, 264.08, 46, 1965, 3996
2026/10/02 18:12:03.219, 2, NVIDIA B200, 59506, 95, 267.24, 56, 1965, 3996
2026/10/02 18:12:03.219, 3, NVIDIA B200, 59464, 0, 250.04, 47, 1965, 3996
2026/10/02 18:12:03.219, 4, NVIDIA B200, 59472, 0, 226.17, 55, 1965, 3996
2026/10/02 18:12:03.219, 5, NVIDIA B200, 59708, 9, 222.52, 40, 1965, 3996
2026/10/02 18:12:03.219, 6, NVIDIA B200, 59338, 42, 237.42, 54, 1965, 3996
2026/10/02 18:12:03.219, 7, NVIDIA B200, 60112, 12, 266.82, 45, 1965, 3996
2026/10/02 18:12:04.220, 0, NVIDIA B200, 60102, 100, 775.38, 63, 1515, 3996
2026/10/02 18:12:04.220, 1, NVIDIA B200, 60096, 99, 729.24, 54, 1560, 3996
2026/10/02 18:12:04.220, 2, NVIDIA B200, 59506, 100, 792.86, 64, 1522, 3996
2026/10/02 18:12:04.220, 3, NVIDIA B200, 59464, 99, 762.10, 55, 1485, 3996
2026/10/02 18:12:04.220, 4, NVIDIA B200, 59472, 100, 772.46, 65, 1515, 3996
2026/10/02 18:12:04.220, 5, NVIDIA B200, 59708, 100, 764.84, 53, 1515, 3996
2026/10/02 18:12:04.220, 6, NVIDIA B200, 59338, 100, 787.88, 64, 1567, 3996
2026/10/02 18:12:04.220, 7, NVIDIA B200, 60112, 100, 777.62, 53, 1545, 3996
2026/10/02 18:12:05.220, 0, NVIDIA B200, 60102, 100, 962.36, 63, 1507, 3996
2026/10/02 18:12:05.228, 1, NVIDIA B200, 60096, 68, 891.14, 53, 1927, 3996
2026/10/02 18:12:05.228, 2, NVIDIA B200, 59506, 44, 928.38, 59, 1935, 3996
2026/10/02 18:12:05.228, 3, NVIDIA B200, 59464, 100, 947.30, 50, 1500, 3996
2026/10/02 18:12:05.228, 4, NVIDIA B200, 59472, 100, 960.61, 64, 1942, 3996
2026/10/02 18:12:05.228, 5, NVIDIA B200, 59708, 100, 954.84, 55, 1470, 3996
2026/10/02 18:12:05.228, 6, NVIDIA B200, 59338, 82, 955.27, 62, 1417, 3996
2026/10/02 18:12:05.228, 7, NVIDIA B200, 60112, 100, 910.40, 48, 1950, 3996
2026/10/02 18:12:06.229, 0, NVIDIA B200, 60102, 0, 220.85, 52, 1965, 3996
2026/10/02 18:12:06.229, 1, NVIDIA B200, 60096, 0, 206.75, 43, 1965, 3996
2026/10/02 18:12:06.229, 2, NVIDIA B200, 59506, 0, 205.62, 51, 1965, 3996
2026/10/02 18:12:06.229, 3, NVIDIA B200, 59464, 0, 202.63, 42, 1965, 3996
2026/10/02 18:12:06.229, 4, NVIDIA B200, 59472, 0, 221.68, 52, 1965, 3996
2026/10/02 18:12:06.229, 5, NVIDIA B200, 59708, 0, 204.16, 41, 1965, 3996
2026/10/02 18:12:06.229, 6, NVIDIA B200, 59338, 0, 214.93, 52, 1965, 3996
2026/10/02 18:12:06.229, 7, NVIDIA B200, 60112, 0, 198.22, 41, 1965, 3996
2026/10/02 18:12:07.230, 0, NVIDIA B200, 60102, 71, 630.91, 55, 1965, 3996
2026/10/02 18:12:07.230, 1, NVIDIA B200, 60096, 95, 608.97, 48, 1965, 3996
2026/10/02 18:12:07.230, 2, NVIDIA B200, 59506, 100, 633.66, 55, 1965, 3996
2026/10/02 18:12:07.230, 3, NVIDIA B200, 59464, 95, 620.74, 46, 1965, 3996
2026/10/02 18:12:07.230, 4, NVIDIA B200, 59472, 58, 625.65, 57, 1965, 3996
2026/10/02 18:12:07.230, 5, NVIDIA B200, 59708, 62, 610.16, 45, 1965, 3996
2026/10/02 18:12:07.230, 6, NVIDIA B200, 59338, 84, 622.35, 61, 1965, 3996
2026/10/02 18:12:07.230, 7, NVIDIA B200, 60112, 56, 651.27, 44, 1965, 3996
2026/10/02 18:12:08.230, 0, NVIDIA B200, 60102, 100, 959.49, 65, 1522, 3996
2026/10/02 18:12:08.230, 1, NVIDIA B200, 60096, 100, 957.34, 59, 1395, 3996
2026/10/02 18:12:08.230, 2, NVIDIA B200, 59506, 100, 990.07, 65, 1425, 3996
2026/10/02 18:12:08.230, 3, NVIDIA B200, 59464, 100, 971.52, 56, 1440, 3996
2026/10/02 18:12:08.230, 4, NVIDIA B200, 59472, 100, 974.46, 66, 1410, 3996
2026/10/02 18:12:08.230, 5, NVIDIA B200, 59708, 100, 963.47, 55, 1492, 3996
2026/10/02 18:12:08.230, 6, NVIDIA B200, 59338, 100, 968.83, 64, 1395, 3996
2026/10/02 18:12:08.230, 7, NVIDIA B200, 60112, 100, 993.29, 53, 1522, 3996
2026/10/02 18:12:09.230, 0, NVIDIA B200, 60102, 0, 430.84, 52, 1965, 3996
2026/10/02 18:12:09.231, 1, NVIDIA B200, 60096, 0, 435.24, 45, 1965, 3996
2026/10/02 18:12:09.231, 2, NVIDIA B200, 59506, 0, 385.49, 52, 1965, 3996
2026/10/02 18:12:09.231, 3, NVIDIA B200, 59464, 0, 404.33, 43, 1965, 3996
2026/10/02 18:12:09.231, 4, NVIDIA B200, 59472, 0, 417.86, 53, 1965, 3996
2026/10/02 18:12:09.231, 5, NVIDIA B200, 59708, 0, 415.77, 42, 1965, 3996
2026/10/02 18:12:09.231, 6, NVIDIA B200, 59338, 0, 401.14, 52, 1965, 3996
2026/10/02 18:12:09.231, 7, NVIDIA B200, 60112, 0, 347.64, 41, 1965, 3996
2026/10/02 18:12:10.231, 0, NVIDIA B200, 60102, 95, 383.61, 59, 1965, 3996
2026/10/02 18:12:10.231, 1, NVIDIA B200, 60096, 63, 327.26, 49, 1965, 3996
2026/10/02 18:12:10.231, 2, NVIDIA B200, 59506, 95, 376.79, 59, 1965, 3996
2026/10/02 18:12:10.231, 3, NVIDIA B200, 59464, 88, 341.33, 50, 1965, 3996
2026/10/02 18:12:10.231, 4, NVIDIA B200, 59472, 95, 363.41, 59, 1965, 3996
2026/10/02 18:12:10.231, 5, NVIDIA B200, 59708, 66, 274.02, 45, 1965, 3996
2026/10/02 18:12:10.231, 6, NVIDIA B200, 59338, 94, 369.29, 59, 1965, 3996
2026/10/02 18:12:10.231, 7, NVIDIA B200, 60112, 70, 308.21, 45, 1965, 3996
2026/10/02 18:12:11.231, 0, NVIDIA B200, 60102, 100, 745.00, 63, 1507, 3996
2026/10/02 18:12:11.231, 1, NVIDIA B200, 60096, 100, 773.39, 57, 1567, 3996
2026/10/02 18:12:11.231, 2, NVIDIA B200, 59506, 86, 758.02, 62, 1740, 3996
2026/10/02 18:12:11.231, 3, NVIDIA B200, 59464, 100, 766.15, 52, 1470, 3996
2026/10/02 18:12:11.231, 4, NVIDIA B200, 59472, 100, 762.66, 65, 1545, 3996
2026/10/02 18:12:11.231, 5, NVIDIA B200, 59708, 100, 827.85, 53, 1507, 3996
2026/10/02 18:12:11.231, 6, NVIDIA B200, 59338, 100, 755.78, 64, 1515, 3996
2026/10/02 18:12:11.231, 7, NVIDIA B200, 60112, 100, 835.15, 52, 1687, 3996
2026/10/02 18:12:12.232, 0, NVIDIA B200, 60102, 0, 873.45, 57, 1965, 3996
2026/10/02 18:12:12.232, 1, NVIDIA B200, 60096, 100, 868.66, 49, 1965, 3996
2026/10/02 18:12:12.232, 2, NVIDIA B200, 59506, 0, 839.84, 56, 1965, 3996
2026/10/02 18:12:12.232, 3, NVIDIA B200, 59464, 100, 845.14, 47, 1965, 3996
2026/10/02 18:12:12.232, 4, NVIDIA B200, 59472, 0, 843.26, 58, 1965, 3996
2026/10/02 18:12:12.232, 5, NVIDIA B200, 59708, 10, 853.09, 47, 1965, 3996
2026/10/02 18:12:12.232, 6, NVIDIA B200, 59338, 0, 839.61, 57, 1965, 3996
2026/10/02 18:12:12.232, 7, NVIDIA B200, 60112, 11, 801.76, 45, 1965, 3996
2026/10/02 18:12:13.232, 0, NVIDIA B200, 60102, 17, 224.21, 52, 1965, 3996
2026/10/02 18:12:13.232, 1, NVIDIA B200, 60096, 0, 206.72, 43, 1965, 3996
2026/10/02 18:12:13.232, 2, NVIDIA B200, 59506, 54, 234.64, 54, 1965, 3996
2026/10/02 18:12:13.232, 3, NVIDIA B200, 59464, 0, 206.71, 45, 1965, 3996
2026/10/02 18:12:13.232, 4, NVIDIA B200, 59472, 0, 215.57, 52, 1965, 3996
2026/10/02 18:12:13.232, 5, NVIDIA B200, 59708, 0, 199.07, 41, 1965, 3996
2026/10/02 18:12:13.232, 6, NVIDIA B200, 59338, 0, 213.54, 52, 1965, 3996
2026/10/02 18:12:13.232, 7, NVIDIA B200, 60112, 0, 219.59, 41, 1965, 3996
2026/10/02 18:12:14.232, 0, NVIDIA B200, 60102, 99, 710.40, 63, 1635, 3996
2026/10/02 18:12:14.233, 1, NVIDIA B200, 60096, 55, 697.12, 54, 1695, 3996
2026/10/02 18:12:14.233, 2, NVIDIA B200, 59506, 100, 726.91, 62, 1530, 3996
2026/10/02 18:12:14.233, 3, NVIDIA B200, 59464, 81, 708.42, 53, 1515, 3996
2026/10/02 18:12:14.233, 4, NVIDIA B200, 59472, 100, 717.77, 65, 1597, 3996
2026/10/02 18:12:14.233, 5, NVIDIA B200, 59708, 99, 699.80, 50, 1500, 3996
2026/10/02 18:12:14.233, 6, NVIDIA B200, 59338, 99, 741.33, 63, 1530, 3996
2026/10/02 18:12:14.233, 7, NVIDIA B200, 60112, 99, 743.33, 51, 1530, 3996
2026/10/02 18:12:15.233, 0, NVIDIA B200, 60102, 100, 976.51, 65, 1485, 3996
2026/10/02 18:12:15.233, 1, NVIDIA B200, 60096, 100, 981.06, 58, 1455, 3996
2026/10/02 18:12:15.233, 2, NVIDIA B200, 59506, 100, 980.92, 66, 1387, 3996
2026/10/02 18:12:15.233, 3, NVIDIA B200, 59464, 100, 991.14, 58, 1492, 3996
2026/10/02 18:12:15.233, 4, NVIDIA B200, 59472, 100, 991.09, 68, 1507, 3996
2026/10/02 18:12:15.233, 5, NVIDIA B200, 59708, 100, 980.32, 54, 1485, 3996
2026/10/02 18:12:15.233, 6, NVIDIA B200, 59338, 100, 981.75, 66, 1507, 3996
2026/10/02 18:12:15.233, 7, NVIDIA B200, 60112, 100, 974.91, 55, 1500, 3996
2026/10/02 18:12:16.233, 0, NVIDIA B200, 60102, 0, 319.10, 52, 1965, 3996
2026/10/02 18:12:16.233, 1, NVIDIA B200, 60096, 0, 301.27, 44, 1965, 3996
2026/10/02 18:12:16.233, 2, NVIDIA B200, 59506, 0, 266.14, 52, 1965, 3996
2026/10/02 18:12:16.233, 3, NVIDIA B200, 59464, 0, 281.43, 43, 1965, 3996
2026/10/02 18:12:16.233, 4, NVIDIA B200, 59472, 0, 307.54, 53, 1965, 3996
2026/10/02 18:12:16.233, 5, NVIDIA B200, 59708, 0, 309.04, 41, 1965, 3996
2026/10/02 18:12:16.233, 6, NVIDIA B200, 59338, 0, 290.99, 52, 1965, 3996
2026/10/02 18:12:16.233, 7, NVIDIA B200, 60112, 0, 233.55, 41, 1965, 3996
2026/10/02 18:12:17.234, 0, NVIDIA B200, 60102, 95, 460.87, 59, 1965, 3996
2026/10/02 18:12:17.234, 1, NVIDIA B200, 60096, 95, 445.45, 52, 1965, 3996
2026/10/02 18:12:17.234, 2, NVIDIA B200, 59506, 95, 480.73, 60, 1965, 3996
2026/10/02 18:12:17.234, 3, NVIDIA B200, 59464, 95, 446.80, 50, 1965, 3996
2026/10/02 18:12:17.234, 4, NVIDIA B200, 59472, 95, 403.87, 60, 1965, 3996
2026/10/02 18:12:17.234, 5, NVIDIA B200, 59708, 95, 425.08, 48, 1965, 3996
2026/10/02 18:12:17.234, 6, NVIDIA B200, 59338, 95, 463.51, 60, 1965, 3996
2026/10/02 18:12:17.234, 7, NVIDIA B200, 60112, 95, 475.57, 48, 1965, 3996
2026/10/02 18:12:18.234, 0, NVIDIA B200, 60102, 100, 819.56, 65, 1500, 3996
2026/10/02 18:12:18.234, 1, NVIDIA B200, 60096, 88, 826.67, 57, 1432, 3996
2026/10/02 18:12:18.234, 2, NVIDIA B200, 59506, 100, 835.98, 65, 1342, 3996
2026/10/02 18:12:18.234, 3, NVIDIA B200, 59464, 88, 833.96, 57, 1545, 3996
2026/10/02 18:12:18.234, 4, NVIDIA B200, 59472, 100, 880.70, 68, 1537, 3996
2026/10/02 18:12:18.234, 5, NVIDIA B200, 59708, 100, 826.34, 53, 1515, 3996
2026/10/02 18:12:18.234, 6, NVIDIA B200, 59338, 100, 837.96, 65, 1545, 3996
2026/10/02 18:12:18.234, 7, NVIDIA B200, 60112, 100, 851.04, 54, 1462, 3996
2026/10/02 18:12:19.234, 0, NVIDIA B200, 60102, 0, 723.78, 54, 1965, 3996
2026/10/02 18:12:19.235, 1, NVIDIA B200, 60096, 0, 706.32, 47, 1965, 3996
2026/10/02 18:12:19.235, 2, NVIDIA B200, 59506, 0, 671.28, 54, 1965, 3996
2026/10/02 18:12:19.235, 3, NVIDIA B200, 59464, 0, 699.81, 45, 1965, 3996
2026/10/02 18:12:19.235, 4, NVIDIA B200, 59472, 0, 699.06, 56, 1965, 3996
2026/10/02 18:12:19.235, 5, NVIDIA B200, 59708, 0, 714.39, 44, 1965, 3996
2026/10/02 18:12:19.235, 6, NVIDIA B200, 59338, 0, 689.56, 54, 1965, 3996
2026/10/02 18:12:19.235, 7, NVIDIA B200, 60112, 0, 637.85, 43, 1965, 3996
2026/10/02 18:12:20.235, 0, NVIDIA B200, 60102, 95, 333.93, 58, 1965, 3996
2026/10/02 18:12:20.235, 1, NVIDIA B200, 60096, 39, 324.45, 51, 1965, 3996
2026/10/02 18:12:20.235, 2, NVIDIA B200, 59506, 95, 322.01, 58, 1965, 3996
2026/10/02 18:12:20.235, 3, NVIDIA B200, 59464, 44, 314.63, 49, 1965, 3996
2026/10/02 18:12:20.235, 4, NVIDIA B200, 59472, 94, 300.20, 58, 1965, 3996
2026/10/02 18:12:20.235, 5, NVIDIA B200, 59708, 65, 258.18, 45, 1965, 3996
2026/10/02 18:12:20.235, 6, NVIDIA B200, 59338, 95, 331.76, 58, 1965, 3996
2026/10/02 18:12:20.235, 7, NVIDIA B200, 60112, 67, 316.34, 47, 1965, 3996
2026/10/02 18:12:21.235, 0, NVIDIA B200, 60102, 100, 724.39, 64, 1597, 3996
2026/10/02 18:12:21.236, 1, NVIDIA B200, 60096, 99, 726.81, 56, 1537, 3996
2026/10/02 18:12:21.236, 2, NVIDIA B200, 59506, 100, 776.20, 64, 1500, 3996
2026/10/02 18:12:21.236, 3, NVIDIA B200, 59464, 100, 738.21, 55, 1552, 3996
2026/10/02 18:12:21.236, 4, NVIDIA B200, 59472, 100, 766.34, 65, 1522, 3996
2026/10/02 18:12:21.236, 5, NVIDIA B200, 59708, 100, 779.77, 53, 1522, 3996
2026/10/02 18:12:21.236, 6, NVIDIA B200, 59338, 100, 743.21, 64, 1485, 3996
2026/10/02 18:12:21.236, 7, NVIDIA B200, 60112, 100, 787.04, 53, 1507, 3996
2026/10/02 18:12:22.236, 0, NVIDIA B200, 60102, 84, 942.51, 60, 1867, 3996
2026/10/02 18:12:22.236, 1, NVIDIA B200, 60096, 100, 927.75, 52, 1890, 3996
2026/10/02 18:12:22.236, 2, NVIDIA B200, 59506, 25, 891.60, 58, 1957, 3996
2026/10/02 18:12:22.236, 3, NVIDIA B200, 59464, 100, 923.15, 49, 1950, 3996
2026/10/02 18:12:22.236, 4, NVIDIA B200, 59472, 70, 926.62, 61, 1695, 3996
2026/10/02 18:12:22.236, 5, NVIDIA B200, 59708, 93, 939.90, 52, 1942, 3996
2026/10/02 18:12:22.236, 6, NVIDIA B200, 59338, 69, 916.11, 59, 1882, 3996
2026/10/02 18:12:22.236, 7, NVIDIA B200, 60112, 100, 859.90, 47, 1965, 3996
2026/10/02 18:12:23.236, 0, NVIDIA B200, 60102, 0, 221.05, 52, 1965, 3996
2026/10/02 18:12:23.237, 1, NVIDIA B200, 60096, 0, 210.31, 44, 1965, 3996
2026/10/02 18:12:23.237, 2, NVIDIA B200, 59506, 0, 205.43, 51, 1965, 3996
2026/10/02 18:12:23.237, 3, NVIDIA B200, 59464, 0, 201.81, 42, 1965, 3996
2026/10/02 18:12:23.237, 4, NVIDIA B200, 59472, 0, 218.79, 52, 1965, 3996
2026/10/02 18:12:23.237, 5, NVIDIA B200, 59708, 0, 201.49, 41, 1965, 3996
2026/10/02 18:12:23.237, 6, NVIDIA B200, 59338, 0, 214.84, 52, 1965, 3996
2026/10/02 18:12:23.237, 7, NVIDIA B200, 60112, 0, 198.13, 41, 1965, 3996
2026/10/02 18:12:24.237, 0, NVIDIA B200, 60102, 95, 537.69, 61, 1965, 3996
2026/10/02 18:12:24.237, 1, NVIDIA B200, 60096, 95, 532.45, 52, 1965, 3996
2026/10/02 18:12:24.237, 2, NVIDIA B200, 59506, 95, 537.72, 60, 1965, 3996
2026/10/02 18:12:24.237, 3, NVIDIA B200, 59464, 95, 557.08, 52, 1965, 3996
2026/10/02 18:12:24.237, 4, NVIDIA B200, 59472, 95, 498.62, 61, 1965, 3996
2026/10/02 18:12:24.237, 5, NVIDIA B200, 59708, 95, 484.23, 50, 1965, 3996
2026/10/02 18:12:24.237, 6, NVIDIA B200, 59338, 95, 557.44, 60, 1965, 3996
2026/10/02 18:12:24.237, 7, NVIDIA B200, 60112, 95, 529.58, 49, 1965, 3996
2026/10/02 18:12:25.237, 0, NVIDIA B200, 60102, 100, 866.72, 65, 1455, 3996
2026/10/02 18:12:25.241, 1, NVIDIA B200, 60096, 100, 865.88, 58, 1432, 3996
2026/10/02 18:12:25.241, 2, NVIDIA B200, 59506, 100, 903.26, 65, 1380, 3996
2026/10/02 18:12:25.241, 3, NVIDIA B200, 59464, 100, 847.07, 57, 1440, 3996
2026/10/02 18:12:25.241, 4, NVIDIA B200, 59472, 100, 912.17, 68, 1492, 3996
2026/10/02 18:12:25.241, 5, NVIDIA B200, 59708, 100, 874.50, 53, 1447, 3996
2026/10/02 18:12:25.241, 6, NVIDIA B200, 59338, 100, 871.18, 66, 1530, 3996
2026/10/02 18:12:25.242, 7, NVIDIA B200, 60112, 100, 915.51, 56, 1455, 3996
2026/10/02 18:12:26.242, 0, NVIDIA B200, 60102, 0, 585.37, 53, 1965, 3996
2026/10/02 18:12:26.242, 1, NVIDIA B200, 60096, 0, 553.24, 46, 1965, 3996
2026/10/02 18:12:26.243, 2, NVIDIA B200, 59506, 0, 545.15, 53, 1965, 3996
2026/10/02 18:12:26.243, 3, NVIDIA B200, 59464, 0, 562.22, 44, 1965, 3996
2026/10/02 18:12:26.243, 4, NVIDIA B200, 59472, 0, 562.97, 54, 1965, 3996
2026/10/02 18:12:26.243, 5, NVIDIA B200, 59708, 0, 567.00, 42, 1965, 3996
2026/10/02 18:12:26.243, 6, NVIDIA B200, 59338, 0, 547.66, 53, 1965, 3996
2026/10/02 18:12:26.243, 7, NVIDIA B200, 60112, 0, 502.90, 42, 1965, 3996
2026/10/02 18:12:27.243, 0, NVIDIA B200, 60102, 95, 421.03, 60, 1965, 3996
2026/10/02 18:12:27.243, 1, NVIDIA B200, 60096, 95, 423.12, 51, 1965, 3996
2026/10/02 18:12:27.243, 2, NVIDIA B200, 59506, 95, 424.69, 59, 1965, 3996
2026/10/02 18:12:27.243, 3, NVIDIA B200, 59464, 95, 421.66, 51, 1965, 3996
2026/10/02 18:12:27.243, 4, NVIDIA B200, 59472, 95, 409.24, 61, 1965, 3996
2026/10/02 18:12:27.243, 5, NVIDIA B200, 59708, 66, 344.22, 46, 1965, 3996
2026/10/02 18:12:27.243, 6, NVIDIA B200, 59338, 71, 371.08, 57, 1965, 3996
2026/10/02 18:12:27.243, 7, NVIDIA B200, 60112, 95, 447.54, 48, 1965, 3996
2026/10/02 18:12:28.243, 0, NVIDIA B200, 60102, 85, 790.22, 65, 1485, 3996
2026/10/02 18:12:28.243, 1, NVIDIA B200, 60096, 88, 778.23, 58, 1530, 3996
2026/10/02 18:12:28.243, 2, NVIDIA B200, 59506, 100, 821.49, 65, 1410, 3996
2026/10/02 18:12:28.243, 3, NVIDIA B200, 59464, 100, 780.90, 55, 1462, 3996
2026/10/02 18:12:28.243, 4, NVIDIA B200, 59472, 93, 807.50, 66, 1470, 3996
2026/10/02 18:12:28.243, 5, NVIDIA B200, 59708, 87, 853.18, 52, 1387, 3996
2026/10/02 18:12:28.243, 6, NVIDIA B200, 59338, 88, 859.75, 65, 1500, 3996
2026/10/02 18:12:28.243, 7, NVIDIA B200, 60112, 84, 802.93, 54, 1500, 3996
2026/10/02 18:12:29.243, 0, NVIDIA B200, 60102, 0, 787.85, 56, 1965, 3996
2026/10/02 18:12:29.244, 1, NVIDIA B200, 60096, 0, 776.14, 48, 1965, 3996
2026/10/02 18:12:29.244, 2, NVIDIA B200, 59506, 0, 754.31, 55, 1965, 3996
2026/10/02 18:12:29.244, 3, NVIDIA B200, 59464, 23, 767.22, 46, 1965, 3996
2026/10/02 18:12:29.244, 4, NVIDIA B200, 59472, 0, 774.59, 57, 1965, 3996
2026/10/02 18:12:29.244, 5, NVIDIA B200, 59708, 0, 777.75, 44, 1965, 3996
2026/10/02 18:12:29.244, 6, NVIDIA B200, 59338, 0, 757.59, 55, 1965, 3996
2026/10/02 18:12:29.244, 7, NVIDIA B200, 60112, 0, 730.87, 44, 1965, 3996
2026/10/02 18:12:30.244, 0, NVIDIA B200, 60102, 0, 215.16, 52, 1965, 3996
2026/10/02 18:12:30.244, 1, NVIDIA B200, 60096, 0, 205.90, 43, 1965, 3996
2026/10/02 18:12:30.244, 2, NVIDIA B200, 59506, 0, 204.01, 51, 1965, 3996
2026/10/02 18:12:30.244, 3, NVIDIA B200, 59464, 0, 199.28, 42, 1965, 3996
2026/10/02 18:12:30.244, 4, NVIDIA B200, 59472, 0, 215.23, 52, 1965, 3996
2026/10/02 18:12:30.244, 5, NVIDIA B200, 59708, 0, 198.77, 41, 1965, 3996
2026/10/02 18:12:30.244, 6, NVIDIA B200, 59338, 0, 212.71, 52, 1965, 3996
2026/10/02 18:12:30.244, 7, NVIDIA B200, 60112, 0, 197.43, 41, 1965, 3996
2026/10/02 18:12:31.245, 0, NVIDIA B200, 60102, 62, 631.70, 56, 1965, 3996
2026/10/02 18:12:31.245, 1, NVIDIA B200, 60096, 77, 609.53, 47, 1965, 3996
2026/10/02 18:12:31.245, 2, NVIDIA B200, 59506, 61, 645.84, 57, 1965, 3996
2026/10/02 18:12:31.245, 3, NVIDIA B200, 59464, 95, 614.28, 47, 1965, 3996
2026/10/02 18:12:31.245, 4, NVIDIA B200, 59472, 63, 629.76, 59, 1965, 3996
2026/10/02 18:12:31.245, 5, NVIDIA B200, 59708, 95, 602.00, 45, 1965, 3996
2026/10/02 18:12:31.245, 6, NVIDIA B200, 59338, 60, 614.44, 57, 1965, 3996
2026/10/02 18:12:31.245, 7, NVIDIA B200, 60112, 95, 645.64, 48, 1965, 3996
2026/10/02 18:12:32.245, 0, NVIDIA B200, 60102, 100, 964.78, 66, 1417, 3996
2026/10/02 18:12:32.245, 1, NVIDIA B200, 60096, 100, 970.74, 59, 1507, 3996
2026/10/02 18:12:32.245, 2, NVIDIA B200, 59506, 100, 1002.54, 65, 1470, 3996
2026/10/02 18:12:32.245, 3, NVIDIA B200, 59464, 100, 980.28, 57, 1462, 3996
2026/10/02 18:12:32.245, 4, NVIDIA B200, 59472, 100, 974.01, 68, 1492, 3996
2026/10/02 18:12:32.245, 5, NVIDIA B200, 59708, 100, 960.15, 55, 1462, 3996
2026/10/02 18:12:32.245, 6, NVIDIA B200, 59338, 100, 990.00, 66, 1470, 3996
2026/10/02 18:12:32.245, 7, NVIDIA B200, 60112, 100, 990.92, 55, 1545, 3996
2026/10/02 18:12:33.246, 0, NVIDIA B200, 60102, 0, 408.00, 53, 1965, 3996
2026/10/02 18:12:33.246, 1, NVIDIA B200, 60096, 0, 392.26, 45, 1965, 3996
2026/10/02 18:12:33.246, 2, NVIDIA B200, 59506, 0, 358.45, 52, 1965, 3996
2026/10/02 18:12:33.246, 3, NVIDIA B200, 59464, 0, 384.43, 43, 1965, 3996
2026/10/02 18:12:33.246, 4, NVIDIA B200, 59472, 0, 382.60, 53, 1965, 3996
2026/10/02 18:12:33.246, 5, NVIDIA B200, 59708, 0, 396.11, 41, 1965, 3996
2026/10/02 18:12:33.246, 6, NVIDIA B200, 59338, 0, 382.83, 53, 1965, 3996
2026/10/02 18:12:33.246, 7, NVIDIA B200, 60112, 0, 334.38, 41, 1965, 3996
2026/10/02 18:12:34.246, 0, NVIDIA B200, 60102, 94, 563.05, 61, 1965, 3996
2026/10/02 18:12:34.246, 1, NVIDIA B200, 60096, 95, 549.02, 52, 1965, 3996
2026/10/02 18:12:34.246, 2, NVIDIA B200, 59506, 95, 562.19, 61, 1965, 3996
2026/10/02 18:12:34.246, 3, NVIDIA B200, 59464, 95, 547.31, 52, 1965, 3996
2026/10/02 18:12:34.246, 4, NVIDIA B200, 59472, 95, 509.32, 62, 1965, 3996
2026/10/02 18:12:34.246, 5, NVIDIA B200, 59708, 95, 505.14, 49, 1965, 3996
2026/10/02 18:12:34.246, 6, NVIDIA B200, 59338, 95, 506.85, 61, 1965, 3996
2026/10/02 18:12:34.246, 7, NVIDIA B200, 60112, 95, 510.66, 50, 1965, 3996
2026/10/02 18:12:35.246, 0, NVIDIA B200, 60102, 100, 832.54, 64, 1515, 3996
2026/10/02 18:12:35.246, 1, NVIDIA B200, 60096, 100, 853.21, 58, 1515, 3996
2026/10/02 18:12:35.247, 2, NVIDIA B200, 59506, 100, 883.65, 66, 1530, 3996
2026/10/02 18:12:35.247, 3, NVIDIA B200, 59464, 100, 852.80, 56, 1545, 3996
2026/10/02 18:12:35.247, 4, NVIDIA B200, 59472, 100, 922.40, 67, 1545, 3996
2026/10/02 18:12:35.247, 5, NVIDIA B200, 59708, 100, 876.91, 55, 1500, 3996
2026/10/02 18:12:35.247, 6, NVIDIA B200, 59338, 100, 906.54, 65, 1372, 3996
2026/10/02 18:12:35.247, 7, NVIDIA B200, 60112, 100, 923.55, 54, 1530, 3996
2026/10/02 18:12:36.247, 0, NVIDIA B200, 60102, 0, 620.55, 54, 1965, 3996
2026/10/02 18:12:36.247, 1, NVIDIA B200, 60096, 0, 593.78, 46, 1965, 3996
2026/10/02 18:12:36.247, 2, NVIDIA B200, 59506, 0, 564.07, 54, 1965, 3996
2026/10/02 18:12:36.247, 3, NVIDIA B200, 59464, 0, 600.15, 44, 1965, 3996
2026/10/02 18:12:36.247, 4, NVIDIA B200, 59472, 0, 586.74, 55, 1965, 3996
2026/10/02 18:12:36.247, 5, NVIDIA B200, 59708, 0, 606.37, 42, 1965, 3996
2026/10/02 18:12:36.247, 6, NVIDIA B200, 59338, 0, 586.08, 54, 1965, 3996
2026/10/02 18:12:36.247, 7, NVIDIA B200, 60112, 0, 549.54, 42, 1965, 3996
2026/10/02 18:12:37.247, 0, NVIDIA B200, 60102, 0, 215.12, 52, 1965, 3996
2026/10/02 18:12:37.247, 1, NVIDIA B200, 60096, 0, 211.13, 43, 1965, 3996
2026/10/02 18:12:37.247, 2, NVIDIA B200, 59506, 0, 204.01, 51, 1965, 3996
2026/10/02 18:12:37.247, 3, NVIDIA B200, 59464, 0, 209.58, 42, 1965, 3996
2026/10/02 18:12:37.247, 4, NVIDIA B200, 59472, 0, 214.36, 52, 1965, 3996
2026/10/02 18:12:37.248, 5, NVIDIA B200, 59708, 0, 198.28, 41, 1965, 3996
2026/10/02 18:12:37.248, 6, NVIDIA B200, 59338, 0, 219.01, 52, 1965, 3996
2026/10/02 18:12:37.248, 7, NVIDIA B200, 60112, 0, 207.32, 44, 1965, 3996
2026/10/02 18:12:38.248, 0, NVIDIA B200, 60102, 100, 692.02, 60, 1582, 3996
2026/10/02 18:12:38.248, 1, NVIDIA B200, 60096, 100, 688.68, 55, 1965, 3996
2026/10/02 18:12:38.248, 2, NVIDIA B200, 59506, 100, 741.47, 62, 1552, 3996
2026/10/02 18:12:38.248, 3, NVIDIA B200, 59464, 100, 708.69, 53, 1552, 3996
2026/10/02 18:12:38.248, 4, NVIDIA B200, 59472, 73, 731.04, 64, 1672, 3996
2026/10/02 18:12:38.248, 5, NVIDIA B200, 59708, 100, 677.04, 52, 1575, 3996
2026/10/02 18:12:38.248, 6, NVIDIA B200, 59338, 94, 713.03, 63, 1605, 3996
2026/10/02 18:12:38.248, 7, NVIDIA B200, 60112, 61, 729.60, 53, 1522, 3996
2026/10/02 18:12:39.248, 0, NVIDIA B200, 60102, 100, 978.17, 65, 1417, 3996
2026/10/02 18:12:39.248, 1, NVIDIA B200, 60096, 100, 985.04, 59, 1320, 3996
2026/10/02 18:12:39.248, 2, NVIDIA B200, 59506, 100, 985.55, 66, 1447, 3996
2026/10/02 18:12:39.248, 3, NVIDIA B200, 59464, 100, 984.23, 56, 1462, 3996
2026/10/02 18:12:39.248, 4, NVIDIA B200, 59472, 100, 985.06, 68, 1515, 3996
2026/10/02 18:12:39.248, 5, NVIDIA B200, 59708, 100, 986.89, 55, 1417, 3996
2026/10/02 18:12:39.248, 6, NVIDIA B200, 59338, 100, 984.87, 66, 1485, 3996
2026/10/02 18:12:39.248, 7, NVIDIA B200, 60112, 100, 983.35, 55, 1455, 3996
2026/10/02 18:12:40.249, 0, NVIDIA B200, 60102, 0, 314.68, 52, 1965, 3996
2026/10/02 18:12:40.249, 1, NVIDIA B200, 60096, 0, 305.53, 44, 1965, 3996
2026/10/02 18:12:40.249, 2, NVIDIA B200, 59506, 0, 267.37, 52, 1965, 3996
2026/10/02 18:12:40.249, 3, NVIDIA B200, 59464, 0, 280.20, 43, 1965, 3996
2026/10/02 18:12:40.249, 4, NVIDIA B200, 59472, 0, 300.01, 53, 1965, 3996
2026/10/02 18:12:40.249, 5, NVIDIA B200, 59708, 0, 305.30, 41, 1965, 3996
2026/10/02 18:12:40.249, 6, NVIDIA B200, 59338, 0, 299.74, 52, 1965, 3996
2026/10/02 18:12:40.249, 7, NVIDIA B200, 60112, 0, 247.93, 41, 1965, 3996
2026/10/02 18:12:41.249, 0, NVIDIA B200, 60102, 94, 573.30, 61, 1965, 3996
2026/10/02 18:12:41.249, 1, NVIDIA B200, 60096, 95, 602.42, 53, 1965, 3996
2026/10/02 18:12:41.249, 2, NVIDIA B200, 59506, 95, 621.20, 61, 1965, 3996
2026/10/02 18:12:41.249, 3, NVIDIA B200, 59464, 95, 597.67, 52, 1965, 3996
2026/10/02 18:12:41.249, 4, NVIDIA B200, 59472, 95, 608.33, 62, 1965, 3996
2026/10/02 18:12:41.249, 5, NVIDIA B200, 59708, 94, 539.81, 50, 1965, 3996
2026/10/02 18:12:41.249, 6, NVIDIA B200, 59338, 95, 580.49, 61, 1965, 3996
2026/10/02 18:12:41.249, 7, NVIDIA B200, 60112, 95, 598.69, 46, 1965, 3996
2026/10/02 18:12:42.249, 0, NVIDIA B200, 60102, 100, 922.48, 66, 1470, 3996
2026/10/02 18:12:42.249, 1, NVIDIA B200, 60096, 100, 863.30, 59, 1507, 3996
2026/10/02 18:12:42.249, 2, NVIDIA B200, 59506, 100, 903.41, 66, 1455, 3996
2026/10/02 18:12:42.250, 3, NVIDIA B200, 59464, 100, 898.34, 56, 1485, 3996
2026/10/02 18:12:42.250, 4, NVIDIA B200, 59472, 100, 880.98, 67, 1470, 3996
2026/10/02 18:12:42.250, 5, NVIDIA B200, 59708, 100, 930.42, 54, 1417, 3996
2026/10/02 18:12:42.250, 6, NVIDIA B200, 59338, 100, 930.54, 65, 1477, 3996
2026/10/02 18:12:42.250, 7, NVIDIA B200, 60112, 100, 909.20, 54, 1507, 3996
2026/10/02 18:12:43.250, 0, NVIDIA B200, 60102, 0, 524.65, 53, 1965, 3996
2026/10/02 18:12:43.250, 1, NVIDIA B200, 60096, 0, 521.49, 45, 1965, 3996
2026/10/02 18:12:43.250, 2, NVIDIA B200, 59506, 0, 487.89, 53, 1965, 3996
2026/10/02 18:12:43.250, 3, NVIDIA B200, 59464, 0, 502.98, 44, 1965, 3996
2026/10/02 18:12:43.250, 4, NVIDIA B200, 59472, 0, 511.52, 54, 1965, 3996
2026/10/02 18:12:43.250, 5, NVIDIA B200, 59708, 0, 508.01, 42, 1965, 3996
2026/10/02 18:12:43.250, 6, NVIDIA B200, 59338, 0, 509.15, 53, 1965, 3996
2026/10/02 18:12:43.250, 7, NVIDIA B200, 60112, 0, 442.12, 42, 1965, 3996
2026/10/02 18:12:44.250, 0, NVIDIA B200, 60102, 95, 308.92, 57, 1965, 3996
2026/10/02 18:12:44.251, 1, NVIDIA B200, 60096, 37, 274.69, 48, 1965, 3996
2026/10/02 18:12:44.251, 2, NVIDIA B200, 59506, 95, 294.67, 57, 1965, 3996
2026/10/02 18:12:44.251, 3, NVIDIA B200, 59464, 21, 259.43, 46, 1965, 3996
2026/10/02 18:12:44.251, 4, NVIDIA B200, 59472, 63, 268.84, 56, 1965, 3996
2026/10/02 18:12:44.251, 5, NVIDIA B200, 59708, 25, 252.58, 45, 1965, 3996
2026/10/02 18:12:44.251, 6, NVIDIA B200, 59338, 63, 281.58, 56, 1965, 3996
2026/10/02 18:12:44.251, 7, NVIDIA B200, 60112, 28, 302.58, 47, 1965, 3996
2026/10/02 18:12:45.251, 0, NVIDIA B200, 60102, 100, 775.82, 63, 1485, 3996
2026/10/02 18:12:45.254, 1, NVIDIA B200, 60096, 100, 781.86, 56, 1537, 3996
2026/10/02 18:12:45.254, 2, NVIDIA B200, 59506, 100, 817.03, 65, 1485, 3996
2026/10/02 18:12:45.254, 3, NVIDIA B200, 59464, 100, 825.78, 56, 1447, 3996
2026/10/02 18:12:45.254, 4, NVIDIA B200, 59472, 100, 823.39, 66, 1537, 3996
2026/10/02 18:12:45.254, 5, NVIDIA B200, 59708, 100, 803.59, 53, 1612, 3996
2026/10/02 18:12:45.255, 6, NVIDIA B200, 59338, 100, 819.94, 64, 1590, 3996
2026/10/02 18:12:45.255, 7, NVIDIA B200, 60112, 100, 804.30, 49, 1522, 3996
2026/10/02 18:12:46.255, 0, NVIDIA B200, 60102, 67, 910.68, 59, 1935, 3996
2026/10/02 18:12:46.255, 1, NVIDIA B200, 60096, 100, 888.16, 51, 1927, 3996
2026/10/02 18:12:46.255, 2, NVIDIA B200, 59506, 9, 879.02, 58, 1957, 3996
2026/10/02 18:12:46.255, 3, NVIDIA B200, 59464, 99, 888.43, 49, 1965, 3996
2026/10/02 18:12:46.255, 4, NVIDIA B200, 59472, 51, 894.10, 61, 1950, 3996
2026/10/02 18:12:46.255, 5, NVIDIA B200, 59708, 0, 889.17, 46, 1942, 3996
2026/10/02 18:12:46.255, 6, NVIDIA B200, 59338, 50, 892.41, 59, 1950, 3996
2026/10/02 18:12:46.255, 7, NVIDIA B200, 60112, 100, 843.10, 45, 1957, 3996
2026/10/02 18:12:47.255, 0, NVIDIA B200, 60102, 0, 217.05, 52, 1965, 3996
2026/10/02 18:12:47.256, 1, NVIDIA B200, 60096, 0, 206.99, 43, 1965, 3996
2026/10/02 18:12:47.256, 2, NVIDIA B200, 59506, 0, 204.79, 52, 1965, 3996
2026/10/02 18:12:47.256, 3, NVIDIA B200, 59464, 0, 200.18, 42, 1965, 3996
2026/10/02 18:12:47.256, 4, NVIDIA B200, 59472, 0, 216.39, 52, 1965, 3996
2026/10/02 18:12:47.256, 5, NVIDIA B200, 59708, 0, 199.47, 41, 1965, 3996
2026/10/02 18:12:47.256, 6, NVIDIA B200, 59338, 0, 213.82, 52, 1965, 3996
2026/10/02 18:12:47.256, 7, NVIDIA B200, 60112, 0, 197.85, 41, 1965, 3996
2026/10/02 18:12:48.256, 0, NVIDIA B200, 60102, 99, 695.57, 57, 1657, 3996
2026/10/02 18:12:48.256, 1, NVIDIA B200, 60096, 81, 694.94, 54, 1965, 3996
2026/10/02 18:12:48.256, 2, NVIDIA B200, 59506, 99, 724.95, 63, 1417, 3996
2026/10/02 18:12:48.256, 3, NVIDIA B200, 59464, 63, 702.63, 55, 1590, 3996
2026/10/02 18:12:48.256, 4, NVIDIA B200, 59472, 59, 700.94, 63, 1575, 3996
2026/10/02 18:12:48.256, 5, NVIDIA B200, 59708, 99, 674.90, 53, 1965, 3996
2026/10/02 18:12:48.256, 6, NVIDIA B200, 59338, 99, 703.49, 62, 1597, 3996
2026/10/02 18:12:48.256, 7, NVIDIA B200, 60112, 58, 739.82, 51, 1432, 3996
2026/10/02 18:12:49.257, 0, NVIDIA B200, 60102, 100, 983.93, 65, 1417, 3996
2026/10/02 18:12:49.257, 1, NVIDIA B200, 60096, 100, 980.23, 60, 1560, 3996
2026/10/02 18:12:49.257, 2, NVIDIA B200, 59506, 100, 975.54, 66, 1447, 3996
2026/10/02 18:12:49.257, 3, NVIDIA B200, 59464, 100, 980.80, 56, 1530, 3996
2026/10/02 18:12:49.257, 4, NVIDIA B200, 59472, 100, 982.53, 67, 1477, 3996
2026/10/02 18:12:49.257, 5, NVIDIA B200, 59708, 100, 991.55, 55, 1402, 3996
2026/10/02 18:12:49.257, 6, NVIDIA B200, 59338, 100, 984.67, 65, 1485, 3996
2026/10/02 18:12:49.257, 7, NVIDIA B200, 60112, 100, 985.74, 53, 1387, 3996
2026/10/02 18:12:50.257, 0, NVIDIA B200, 60102, 0, 338.76, 52, 1965, 3996
2026/10/02 18:12:50.257, 1, NVIDIA B200, 60096, 0, 326.42, 44, 1965, 3996
2026/10/02 18:12:50.257, 2, NVIDIA B200, 59506, 0, 303.06, 52, 1965, 3996
2026/10/02 18:12:50.257, 3, NVIDIA B200, 59464, 0, 312.71, 43, 1965, 3996
2026/10/02 18:12:50.257, 4, NVIDIA B200, 59472, 0, 331.51, 53, 1965, 3996
2026/10/02 18:12:50.257, 5, NVIDIA B200, 59708, 0, 319.16, 41, 1965, 3996
2026/10/02 18:12:50.257, 6, NVIDIA B200, 59338, 0, 311.11, 52, 1965, 3996
2026/10/02 18:12:50.257, 7, NVIDIA B200, 60112, 0, 265.06, 41, 1965, 3996
2026/10/02 18:12:51.257, 0, NVIDIA B200, 60102, 95, 349.27, 58, 1965, 3996
2026/10/02 18:12:51.257, 1, NVIDIA B200, 60096, 95, 374.27, 51, 1965, 3996
2026/10/02 18:12:51.257, 2, NVIDIA B200, 59506, 95, 383.20, 59, 1965, 3996
2026/10/02 18:12:51.258, 3, NVIDIA B200, 59464, 95, 346.07, 48, 1965, 3996
2026/10/02 18:12:51.258, 4, NVIDIA B200, 59472, 95, 364.32, 58, 1965, 3996
2026/10/02 18:12:51.258, 5, NVIDIA B200, 59708, 95, 351.07, 48, 1965, 3996
2026/10/02 18:12:51.258, 6, NVIDIA B200, 59338, 70, 341.49, 56, 1965, 3996
2026/10/02 18:12:51.258, 7, NVIDIA B200, 60112, 95, 367.37, 48, 1965, 3996
2026/10/02 18:12:52.258, 0, NVIDIA B200, 60102, 92, 824.14, 63, 1852, 3996
2026/10/02 18:12:52.258, 1, NVIDIA B200, 60096, 100, 788.28, 51, 1485, 3996
2026/10/02 18:12:52.258, 2, NVIDIA B200, 59506, 86, 814.41, 59, 1462, 3996
2026/10/02 18:12:52.258, 3, NVIDIA B200, 59464, 100, 817.51, 55, 1702, 3996
2026/10/02 18:12:52.258, 4, NVIDIA B200, 59472, 86, 814.90, 61, 1507, 3996
2026/10/02 18:12:52.258, 5, NVIDIA B200, 59708, 84, 790.67, 54, 1785, 3996
2026/10/02 18:12:52.258, 6, NVIDIA B200, 59338, 89, 848.11, 60, 1530, 3996
2026/10/02 18:12:52.258, 7, NVIDIA B200, 60112, 100, 827.95, 53, 1515, 3996
2026/10/02 18:12:53.258, 0, NVIDIA B200, 60102, 0, 822.02, 56, 1965, 3996
2026/10/02 18:12:53.258, 1, NVIDIA B200, 60096, 12, 821.66, 49, 1965, 3996
2026/10/02 18:12:53.258, 2, NVIDIA B200, 59506, 0, 788.46, 56, 1965, 3996
2026/10/02 18:12:53.259, 3, NVIDIA B200, 59464, 0, 810.17, 47, 1965, 3996
2026/10/02 18:12:53.259, 4, NVIDIA B200, 59472, 0, 805.00, 58, 1965, 3996
2026/10/02 18:12:53.259, 5, NVIDIA B200, 59708, 0, 819.04, 44, 1965, 3996
2026/10/02 18:12:53.259, 6, NVIDIA B200, 59338, 0, 793.75, 56, 1965, 3996
2026/10/02 18:12:53.259, 7, NVIDIA B200, 60112, 0, 762.76, 43, 1965, 3996
