arm,split,condition,seed,steps,sum_reward,max_reward,success
baseline,test,clean,100032,300,111.81922559279637,0.9658357011010859,False
robust,test,clean,100032,300,160.05249666009055,0.9916952448939448,False
baseline,test,clean,100033,300,139.0605353000853,0.949658918304147,False
robust,test,clean,100033,300,181.0202257971145,0.9241701545700451,False
baseline,test,clean,100034,300,0.0,0.0,False
robust,test,clean,100034,300,0.0,0.0,False
baseline,test,clean,100035,300,2.7125438851236057,0.02399338371905626,False
robust,test,clean,100035,300,64.17248250762181,0.40977742124378597,False
baseline,test,clean,100036,264,117.26242571736778,1.0,True
robust,test,clean,100036,300,184.74152598910896,0.9251921897460076,False
baseline,test,clean,100037,300,2.0710159568317263,0.08237230880949784,False
robust,test,clean,100037,300,179.0611088991895,0.8857578538136526,False
baseline,test,clean,100038,246,84.59883245046132,1.0,True
robust,test,clean,100038,300,49.37355275571211,0.2137690709835346,False
baseline,test,clean,100039,300,205.41417629561056,0.9867803328810756,False
robust,test,clean,100039,300,230.66406602256131,0.9497313563909175,False
baseline,test,clean,100040,300,8.686200978325255,0.045553745431293875,False
robust,test,clean,100040,267,188.1637047811356,1.0,True
baseline,test,clean,100041,300,200.1659421765574,0.9021625104729473,False
robust,test,clean,100041,300,198.37428993822374,0.9707581932497843,False
baseline,test,clean,100042,300,54.991829972243785,0.5690180106927932,False
robust,test,clean,100042,300,4.53815258741439,0.23704765015893506,False
baseline,test,clean,100043,300,64.74784726936386,0.3645229080308447,False
robust,test,clean,100043,202,63.51939423471065,1.0,True
baseline,test,clean,100044,300,121.03096145398645,0.9671986545185847,False
robust,test,clean,100044,300,183.26089037480568,0.944365201954803,False
baseline,test,clean,100045,300,48.17040319105665,0.4350623718660518,False
robust,test,clean,100045,300,0.0,0.0,False
baseline,test,clean,100046,300,0.0,0.0,False
robust,test,clean,100046,300,46.92913856276698,0.18978544389312788,False
baseline,test,clean,100047,214,139.00193163994777,1.0,True
robust,test,clean,100047,270,189.29335024022805,1.0,True
baseline,test,clean,100048,300,54.16571781713016,0.5444463367198756,False
robust,test,clean,100048,200,90.71805622395941,1.0,True
baseline,test,clean,100049,300,171.58198471727263,0.6529745532159883,False
robust,test,clean,100049,254,127.05002578928507,1.0,True
baseline,test,clean,100050,199,87.12748512222508,1.0,True
robust,test,clean,100050,251,156.61293141367852,1.0,True
baseline,test,clean,100051,300,3.0584826625547596,0.25914277992528395,False
robust,test,clean,100051,300,59.89818856317025,0.4406561238437123,False
baseline,test,clean,100052,300,202.20525585025587,0.9454046070906751,False
robust,test,clean,100052,300,230.74532403862116,0.9843126102207445,False
baseline,test,clean,100053,280,147.79723787626799,1.0,True
robust,test,clean,100053,300,104.07771146213176,0.8769548609556896,False
baseline,test,clean,100054,300,224.94144930483628,0.9900967462183204,False
robust,test,clean,100054,95,47.887819360729175,1.0,True
baseline,test,clean,100055,179,88.74090106735936,1.0,True
robust,test,clean,100055,230,111.84995138427236,1.0,True
baseline,test,clean,100056,300,60.58735606180536,0.23069560858032992,False
robust,test,clean,100056,300,57.80075858992993,0.5925271773322026,False
baseline,test,clean,100057,201,98.6942094320724,1.0,True
robust,test,clean,100057,199,133.48949877519186,1.0,True
baseline,test,clean,100058,300,49.48886503324024,0.2244991556461121,False
robust,test,clean,100058,300,67.34974669383362,0.2244991556461121,False
baseline,test,clean,100059,94,43.70049659291886,1.0,True
robust,test,clean,100059,67,27.132899451464482,1.0,True
baseline,test,clean,100060,300,0.0,0.0,False
robust,test,clean,100060,144,15.844622947077122,1.0,True
baseline,test,clean,100061,300,1.3740598719160921,0.156430716375916,False
robust,test,clean,100061,263,83.48937326630107,1.0,True
baseline,test,clean,100062,170,85.95578096885644,1.0,True
robust,test,clean,100062,250,154.71097683721462,1.0,True
baseline,test,clean,100063,300,177.4822994872246,0.9680268792867093,False
robust,test,clean,100063,207,78.94800767549728,1.0,True
baseline,test,clean,100064,261,86.74831910022209,1.0,True
robust,test,clean,100064,300,80.52930830161907,0.8324534653977422,False
baseline,test,clean,100065,300,141.62769938346437,0.5924404185995846,False
robust,test,clean,100065,300,171.40105276077497,0.7957159277340049,False
baseline,test,clean,100066,300,80.67293490927563,0.5441606490773214,False
robust,test,clean,100066,300,74.13265317601474,0.5307700380200749,False
baseline,test,clean,100067,300,178.07893996469718,0.9568313915391118,False
robust,test,clean,100067,192,75.45822652374831,1.0,True
baseline,test,clean,100068,300,162.9961739126854,0.9344405481663618,False
robust,test,clean,100068,199,78.00641921575289,1.0,True
baseline,test,clean,100069,300,206.30897081059246,0.992567629660869,False
robust,test,clean,100069,178,74.10859753707791,1.0,True
baseline,test,clean,100070,300,145.42715601491628,0.7201050709986353,False
robust,test,clean,100070,194,118.5445882827548,1.0,True
baseline,test,clean,100071,300,99.97357350609134,0.4995236762720771,False
robust,test,clean,100071,300,10.560181333730474,0.31041277384335725,False
baseline,test,clean,100072,128,44.01529973322304,1.0,True
robust,test,clean,100072,300,49.51681594026544,0.19445920894040522,False
baseline,test,clean,100073,205,87.67959571309143,1.0,True
robust,test,clean,100073,300,195.09175469456403,0.9860001630588422,False
baseline,test,clean,100074,300,0.0,0.0,False
robust,test,clean,100074,300,4.827933180510481,0.37601628184689706,False
baseline,test,clean,100075,300,98.76976099383955,0.5763546855784489,False
robust,test,clean,100075,220,120.53557047534562,1.0,True
baseline,test,clean,100076,134,17.826484052677984,1.0,True
robust,test,clean,100076,300,173.5846920528142,0.9694762959313131,False
baseline,test,clean,100077,300,216.68321876232835,0.8748501121435597,False
robust,test,clean,100077,119,74.70776768929613,1.0,True
baseline,test,clean,100078,300,99.0219129337324,0.6671276324501635,False
robust,test,clean,100078,238,92.15019696911676,1.0,True
baseline,test,clean,100079,300,63.40676985008275,0.9152898840852433,False
robust,test,clean,100079,300,203.86160997422482,0.9638660315854658,False
baseline,test,clean,100080,273,139.3576942813471,1.0,True
robust,test,clean,100080,263,141.26666339594257,1.0,True
baseline,test,clean,100081,300,57.80837923464844,0.4777199273084153,False
robust,test,clean,100081,300,93.73625682086393,0.45534414157588265,False
baseline,test,clean,100082,300,158.10539744746606,0.9942340017587004,False
robust,test,clean,100082,300,0.0,0.0,False
baseline,test,clean,100083,300,0.0,0.0,False
robust,test,clean,100083,300,0.0,0.0,False
baseline,test,clean,100084,300,0.0,0.0,False
robust,test,clean,100084,300,170.99345547348477,0.7963878933723406,False
baseline,test,clean,100085,264,115.15653611323744,1.0,True
robust,test,clean,100085,300,133.13493845442505,0.9599714400981649,False
baseline,test,clean,100086,300,206.78545583273626,0.6918746996261718,False
robust,test,clean,100086,300,197.32819042268682,0.6577606347422893,False
baseline,test,clean,100087,234,116.68720510605606,1.0,True
robust,test,clean,100087,300,201.88652896855353,0.9689164833225195,False
baseline,test,clean,100088,300,104.20660443089648,0.44861345116971113,False
robust,test,clean,100088,177,49.07047278986651,1.0,True
baseline,test,clean,100089,277,57.76863075756165,1.0,True
robust,test,clean,100089,300,0.0,0.0,False
baseline,test,clean,100090,300,9.181069233545157,0.533126455715102,False
robust,test,clean,100090,300,67.6167005901635,0.9570790886255746,False
baseline,test,clean,100091,300,171.48003898909758,0.9751906928695423,False
robust,test,clean,100091,300,166.79312961600252,0.9615001989336859,False
baseline,test,clean,100092,300,197.93005499637752,0.8513271575268101,False
robust,test,clean,100092,286,112.94499867283645,1.0,True
baseline,test,clean,100093,198,76.30628385975444,1.0,True
robust,test,clean,100093,229,149.73570402859832,1.0,True
baseline,test,clean,100094,300,0.0,0.0,False
robust,test,clean,100094,300,68.00040608335135,0.8422097464136711,False
baseline,test,clean,100095,300,181.67612225544332,0.9987327218201053,False
robust,test,clean,100095,300,148.84521566707772,0.9750793912395309,False
baseline,test,delay,100032,242,116.56861248733561,1.0,True
robust,test,delay,100032,256,133.49669461611407,1.0,True
baseline,test,delay,100033,300,143.42026855818503,0.943129982242647,False
robust,test,delay,100033,300,152.25559559928615,0.9277158389361118,False
baseline,test,delay,100034,300,0.0,0.0,False
robust,test,delay,100034,300,0.0,0.0,False
baseline,test,delay,100035,300,2.4334324513441463,0.02399338371905626,False
robust,test,delay,100035,300,74.88199676036069,0.50543899165583,False
baseline,test,delay,100036,175,67.53481804851467,1.0,True
robust,test,delay,100036,300,142.78272692240967,0.9792641888593723,False
baseline,test,delay,100037,300,198.4410752187789,0.8949497318336561,False
robust,test,delay,100037,223,144.10487036873158,1.0,True
baseline,test,delay,100038,300,131.73595564476352,0.9487370220643839,False
robust,test,delay,100038,255,104.41896584570793,1.0,True
baseline,test,delay,100039,300,157.34982965137996,0.6102657467616712,False
robust,test,delay,100039,300,188.40159523072285,0.9914191239346094,False
baseline,test,delay,100040,300,0.6014714542752703,0.003104237666666284,False
robust,test,delay,100040,104,32.13771835170263,1.0,True
baseline,test,delay,100041,104,49.00751871581087,1.0,True
robust,test,delay,100041,225,129.228546851427,1.0,True
baseline,test,delay,100042,300,51.702175437971384,0.44888561040186914,False
robust,test,delay,100042,300,45.42174368154481,0.4864121966236234,False
baseline,test,delay,100043,300,128.95841087543192,0.5985338779317838,False
robust,test,delay,100043,300,128.66773239823007,0.9719343396710163,False
baseline,test,delay,100044,300,150.99625257947412,0.9050157631817256,False
robust,test,delay,100044,300,151.09227131332267,0.977822605331975,False
baseline,test,delay,100045,300,123.60831405357312,0.5482478523883141,False
robust,test,delay,100045,300,0.0,0.0,False
baseline,test,delay,100046,300,0.0,0.0,False
robust,test,delay,100046,300,41.56488290169629,0.1728924044695635,False
baseline,test,delay,100047,300,172.4986136114562,0.8990237009902874,False
robust,test,delay,100047,231,155.80808542157195,1.0,True
baseline,test,delay,100048,300,73.21680891569893,0.4651697950026261,False
robust,test,delay,100048,300,135.40186088482153,0.9322661474550188,False
baseline,test,delay,100049,300,55.646546368688945,0.6529745532159883,False
robust,test,delay,100049,300,67.38570894712905,0.6541714974216761,False
baseline,test,delay,100050,300,88.06205705786078,0.47620686622069236,False
robust,test,delay,100050,300,175.55417046264589,0.8692303248252492,False
baseline,test,delay,100051,300,32.634289831725965,0.3146739742518562,False
robust,test,delay,100051,300,87.66977883981214,0.8794720693644106,False
baseline,test,delay,100052,183,90.08761825822168,1.0,True
robust,test,delay,100052,300,158.36024313536214,0.8922437063274239,False
baseline,test,delay,100053,300,0.0,0.0,False
robust,test,delay,100053,300,168.03541456150668,0.9766746766278492,False
baseline,test,delay,100054,185,90.81245729199776,1.0,True
robust,test,delay,100054,300,212.5835833993437,0.9005280566531012,False
baseline,test,delay,100055,300,89.2555622053015,0.45091443094950395,False
robust,test,delay,100055,300,46.621572978408835,0.23230565646095455,False
baseline,test,delay,100056,300,38.36946630553889,0.3528258840921371,False
robust,test,delay,100056,300,47.316815588153716,0.18493409940885588,False
baseline,test,delay,100057,300,126.0679277200331,0.9955202863295073,False
robust,test,delay,100057,300,197.65026309581125,0.9954704515478844,False
baseline,test,delay,100058,300,60.07533440072892,0.41377273387832436,False
robust,test,delay,100058,300,67.34974669383362,0.2244991556461121,False
baseline,test,delay,100059,152,90.11010832186533,1.0,True
robust,test,delay,100059,300,220.42258424955313,0.9629069964924298,False
baseline,test,delay,100060,300,117.59290118298789,0.8877671088331406,False
robust,test,delay,100060,170,19.621175525338142,1.0,True
baseline,test,delay,100061,300,2.161444857260592,0.09569681895158078,False
robust,test,delay,100061,300,96.36400970129885,0.8961793006741904,False
baseline,test,delay,100062,173,92.55504146792623,1.0,True
robust,test,delay,100062,182,83.74744156662159,1.0,True
baseline,test,delay,100063,279,90.33168957440299,1.0,True
robust,test,delay,100063,300,122.08171994428024,0.8264913645290963,False
baseline,test,delay,100064,300,81.46659216976707,0.9952776300598954,False
robust,test,delay,100064,187,51.840250208309975,1.0,True
baseline,test,delay,100065,300,128.9988145854824,0.6844303798466079,False
robust,test,delay,100065,300,202.4391041451134,0.8645545615602171,False
baseline,test,delay,100066,300,125.30371605959456,0.9935034828721516,False
robust,test,delay,100066,300,87.92132132375207,0.8822551524765819,False
baseline,test,delay,100067,290,142.37445967043428,1.0,True
robust,test,delay,100067,300,154.04696311136297,0.8934174241028179,False
baseline,test,delay,100068,216,101.58109019831824,1.0,True
robust,test,delay,100068,197,79.14078756575977,1.0,True
baseline,test,delay,100069,300,143.133900540361,0.693459139715978,False
robust,test,delay,100069,300,160.9846887682118,0.9987584417577753,False
baseline,test,delay,100070,300,218.09878085672696,0.8686921908955776,False
robust,test,delay,100070,300,175.89504878795304,0.995239191367106,False
baseline,test,delay,100071,300,88.90973856122105,0.4328082840108638,False
robust,test,delay,100071,300,65.70525308371802,0.5394139531150276,False
baseline,test,delay,100072,202,54.877083892288255,1.0,True
robust,test,delay,100072,300,172.98339385767525,0.9767171311311377,False
baseline,test,delay,100073,300,2.6038703736651696,0.19005634886232323,False
robust,test,delay,100073,300,151.9684974278437,0.9890786849332889,False
baseline,test,delay,100074,300,0.0,0.0,False
robust,test,delay,100074,233,89.2924946852198,1.0,True
baseline,test,delay,100075,300,42.279334321733785,0.36796255725977606,False
robust,test,delay,100075,280,153.17955465809055,1.0,True
baseline,test,delay,100076,208,65.547545478587,1.0,True
robust,test,delay,100076,300,156.14665203583306,0.979873192508999,False
baseline,test,delay,100077,287,204.12454786017378,1.0,True
robust,test,delay,100077,291,211.8611695221262,1.0,True
baseline,test,delay,100078,295,171.18642290112513,1.0,True
robust,test,delay,100078,300,112.40834833534976,0.81082845868241,False
baseline,test,delay,100079,300,182.18922659283294,0.9915328160221192,False
robust,test,delay,100079,276,149.2681748580684,1.0,True
baseline,test,delay,100080,300,147.66446532761412,0.9697224552733196,False
robust,test,delay,100080,300,63.5495515267106,0.25117954977395984,False
baseline,test,delay,100081,300,86.55406035845479,0.6006986869733976,False
robust,test,delay,100081,300,131.58843273616083,0.6631763025914471,False
baseline,test,delay,100082,300,0.0,0.0,False
robust,test,delay,100082,300,0.0,0.0,False
baseline,test,delay,100083,300,0.0,0.0,False
robust,test,delay,100083,300,0.0,0.0,False
baseline,test,delay,100084,300,0.0,0.0,False
robust,test,delay,100084,300,162.44046444404694,0.8239894766873634,False
baseline,test,delay,100085,300,116.21433939207186,0.7234105110725142,False
robust,test,delay,100085,300,26.284610803324444,0.9960440948017202,False
baseline,test,delay,100086,300,187.835596476551,0.6892534866653066,False
robust,test,delay,100086,300,197.32819042268682,0.6577606347422893,False
baseline,test,delay,100087,300,142.9616772145739,0.9094341270525426,False
robust,test,delay,100087,113,51.546281601601045,1.0,True
baseline,test,delay,100088,300,107.29092591714983,0.46076215999016307,False
robust,test,delay,100088,300,123.46292491884367,0.9689988010750901,False
baseline,test,delay,100089,300,86.66811360718447,0.5968761532218643,False
robust,test,delay,100089,300,0.0,0.0,False
baseline,test,delay,100090,300,41.3393035067683,0.5083180311076992,False
robust,test,delay,100090,300,0.0,0.0,False
baseline,test,delay,100091,291,145.17256340957965,1.0,True
robust,test,delay,100091,300,143.1285134869177,0.7753909835980813,False
baseline,test,delay,100092,300,191.99322271779445,0.9948478931999802,False
robust,test,delay,100092,300,120.87990746520506,0.5937129190369506,False
baseline,test,delay,100093,300,123.766827463578,0.9942689535894208,False
robust,test,delay,100093,300,204.75527927322807,0.9944815033308119,False
baseline,test,delay,100094,300,0.0,0.0,False
robust,test,delay,100094,300,31.1704936829289,0.26765524999604445,False
baseline,test,delay,100095,219,94.59952146031758,1.0,True
robust,test,delay,100095,300,135.41113680693536,0.9436036180606098,False
baseline,test,dim,100032,300,90.2065614329451,0.44584418796569947,False
robust,test,dim,100032,300,44.14582361057052,0.2029738855153714,False
baseline,test,dim,100033,300,161.2439040288045,0.9351475454650312,False
robust,test,dim,100033,300,175.0410727604859,0.9999447042388444,False
baseline,test,dim,100034,300,0.08840614918303641,0.00052007785897446,False
robust,test,dim,100034,300,0.0,0.0,False
baseline,test,dim,100035,300,19.594507918284524,0.17954888836430144,False
robust,test,dim,100035,300,43.379565769404834,0.16885021540892334,False
baseline,test,dim,100036,300,6.350413373482716,0.05420710924453666,False
robust,test,dim,100036,300,196.46512858642245,0.9398609563563962,False
baseline,test,dim,100037,300,0.0,0.0,False
robust,test,dim,100037,248,141.53988920750064,1.0,True
baseline,test,dim,100038,300,106.04695204838372,0.7318471196294222,False
robust,test,dim,100038,300,171.9330131486517,0.9819588251421074,False
baseline,test,dim,100039,300,164.10521525039994,0.8291062685123318,False
robust,test,dim,100039,300,143.03146098839977,0.7730870430832394,False
baseline,test,dim,100040,300,1.3297143031805365e-05,9.158106599271998e-06,False
robust,test,dim,100040,300,219.1427338869088,0.9510072476158801,False
baseline,test,dim,100041,300,196.89625992423805,0.9892648315883715,False
robust,test,dim,100041,300,186.30099823508718,0.9809764565311011,False
baseline,test,dim,100042,300,68.2903420479287,0.5188436129818905,False
robust,test,dim,100042,300,0.0,0.0,False
baseline,test,dim,100043,300,13.47298846006732,0.31539287987593406,False
robust,test,dim,100043,300,61.04744292320739,0.37291635901180015,False
baseline,test,dim,100044,300,48.45008141986772,0.2870981215690493,False
robust,test,dim,100044,239,142.35185926878728,1.0,True
baseline,test,dim,100045,300,0.23529751983277708,0.0022664206076132057,False
robust,test,dim,100045,300,69.3027307838474,0.9244338778387666,False
baseline,test,dim,100046,300,0.8043896256657568,0.04403976230475547,False
robust,test,dim,100046,300,21.128406774079693,0.24125286297366,False
baseline,test,dim,100047,300,9.268238828781934,0.21878489518122538,False
robust,test,dim,100047,133,72.20615071936538,1.0,True
baseline,test,dim,100048,300,11.554454678459173,0.3384567713331012,False
robust,test,dim,100048,272,123.67405674254026,1.0,True
baseline,test,dim,100049,300,191.59657703047924,0.6529745532159883,False
robust,test,dim,100049,300,203.01581135767296,0.9100460833940068,False
baseline,test,dim,100050,300,127.22838448744561,0.6342989097067866,False
robust,test,dim,100050,300,173.40426912776365,0.9230702859023896,False
baseline,test,dim,100051,300,19.265497196694795,0.2726143114204257,False
robust,test,dim,100051,300,60.77370602400831,0.45547856637192147,False
baseline,test,dim,100052,300,109.26290247279277,0.9520898266064454,False
robust,test,dim,100052,300,148.65174334912126,0.9059317120775131,False
baseline,test,dim,100053,300,1.6143656862257836,0.16596987277460917,False
robust,test,dim,100053,115,44.55021067195169,1.0,True
baseline,test,dim,100054,300,20.673025530774645,0.24968383524061866,False
robust,test,dim,100054,127,77.40887916815858,1.0,True
baseline,test,dim,100055,300,181.8810692453569,0.9131395971904395,False
robust,test,dim,100055,300,96.97016218471421,0.4625788717071972,False
baseline,test,dim,100056,300,7.409097724771627,0.2373905425051623,False
robust,test,dim,100056,279,101.44746080073378,1.0,True
baseline,test,dim,100057,300,43.80489437076653,0.17399993752267778,False
robust,test,dim,100057,135,55.89731874514982,1.0,True
baseline,test,dim,100058,300,137.41437020499276,0.7763593133112647,False
robust,test,dim,100058,300,110.44713352122753,0.8022600891820219,False
baseline,test,dim,100059,300,238.3569834828789,0.952220258315033,False
robust,test,dim,100059,73,32.041155155762844,1.0,True
baseline,test,dim,100060,300,0.0,0.0,False
robust,test,dim,100060,300,0.8160024704153903,0.005737241800166985,False
baseline,test,dim,100061,300,0.0,0.0,False
robust,test,dim,100061,300,179.93682264433122,0.9793422667124184,False
baseline,test,dim,100062,300,181.69623156006128,0.7272038130888269,False
robust,test,dim,100062,300,19.452624869252933,0.2968167191200557,False
baseline,test,dim,100063,300,17.284425835810787,0.2708716838510385,False
robust,test,dim,100063,300,19.46260094534381,0.14183102558188937,False
baseline,test,dim,100064,300,0.6435412226582847,0.1334811990788453,False
robust,test,dim,100064,300,97.37918226927172,0.8758234291058654,False
baseline,test,dim,100065,300,94.29694373771596,0.4062193747038169,False
robust,test,dim,100065,300,212.57169426110406,0.9428434940439329,False
baseline,test,dim,100066,300,0.1962475367390833,0.02095054502004436,False
robust,test,dim,100066,300,17.07542204601584,0.08582895757491087,False
baseline,test,dim,100067,300,144.28523946589075,0.9242551606586522,False
robust,test,dim,100067,279,145.07869491294971,1.0,True
baseline,test,dim,100068,300,0.0,0.0,False
robust,test,dim,100068,300,161.44328165039835,0.8762697763872372,False
baseline,test,dim,100069,300,216.875356238922,0.9929664322912597,False
robust,test,dim,100069,168,103.84058413702371,1.0,True
baseline,test,dim,100070,300,9.503225523751048,0.3675976934869255,False
robust,test,dim,100070,300,230.13515077893516,0.9195100242580339,False
baseline,test,dim,100071,300,121.34249514609914,0.9149277628888147,False
robust,test,dim,100071,300,11.346763392807574,0.316007408507805,False
baseline,test,dim,100072,300,220.3623789691194,0.9363774511776304,False
robust,test,dim,100072,300,174.93922740127067,0.9306313567290936,False
baseline,test,dim,100073,300,50.178707017815,0.7433434100640964,False
robust,test,dim,100073,300,100.48434881331984,0.6813040412030409,False
baseline,test,dim,100074,300,0.24516268673442515,0.042544615345182654,False
robust,test,dim,100074,300,58.42269155032713,0.30308220205913156,False
baseline,test,dim,100075,300,196.10395897302413,0.9444098504421768,False
robust,test,dim,100075,300,170.78532000696214,0.9699362755280686,False
baseline,test,dim,100076,300,0.0,0.0,False
robust,test,dim,100076,300,180.29642432425038,0.9726676393799027,False
baseline,test,dim,100077,300,124.43239873674452,0.889027131266484,False
robust,test,dim,100077,300,248.29810201667308,0.9505836614768016,False
baseline,test,dim,100078,300,1.0074853700141169,0.055327336127048495,False
robust,test,dim,100078,300,10.720432755385549,0.45883469712204666,False
baseline,test,dim,100079,300,118.0076404589371,0.8600625872381809,False
robust,test,dim,100079,300,158.86911442831598,0.9359241281185033,False
baseline,test,dim,100080,300,99.03749626397367,0.7375376666242767,False
robust,test,dim,100080,300,121.32488075146935,0.9705760840063409,False
baseline,test,dim,100081,300,87.70283681055942,0.3877817945655328,False
robust,test,dim,100081,300,138.65696743460595,0.6592591598477958,False
baseline,test,dim,100082,300,78.77047715009536,0.532933707352006,False
robust,test,dim,100082,300,0.0,0.0,False
baseline,test,dim,100083,300,0.0,0.0,False
robust,test,dim,100083,300,0.0,0.0,False
baseline,test,dim,100084,300,0.0,0.0,False
robust,test,dim,100084,300,36.27204621514186,0.1512343584229139,False
baseline,test,dim,100085,300,0.0,0.0,False
robust,test,dim,100085,214,36.24998248088401,1.0,True
baseline,test,dim,100086,300,202.59743366741935,0.6766468112467071,False
robust,test,dim,100086,300,197.32819042268682,0.6577606347422893,False
baseline,test,dim,100087,300,69.34470916341625,0.3176382390257521,False
robust,test,dim,100087,300,199.08974916547686,0.965133763583952,False
baseline,test,dim,100088,300,114.8466909281711,0.4648466052343828,False
robust,test,dim,100088,300,173.63216099893276,0.9628339155496372,False
baseline,test,dim,100089,300,20.000488098703215,0.5780072643859622,False
robust,test,dim,100089,300,16.05714928840916,0.1799256501474854,False
baseline,test,dim,100090,300,0.0,0.0,False
robust,test,dim,100090,300,30.364600880712086,0.24986839874363775,False
baseline,test,dim,100091,300,26.441606872253907,0.3609969339418494,False
robust,test,dim,100091,300,146.1054354697778,0.9200951474624876,False
baseline,test,dim,100092,300,194.62014719273824,0.7199114125891003,False
robust,test,dim,100092,300,178.8622800557275,0.6734293771164386,False
baseline,test,dim,100093,300,8.070970213978521,0.24422157879369757,False
robust,test,dim,100093,300,235.6733172461282,0.986791568502679,False
baseline,test,dim,100094,300,0.0,0.0,False
robust,test,dim,100094,300,0.0,0.0,False
baseline,test,dim,100095,300,3.455283404444413,0.10542391677877894,False
robust,test,dim,100095,191,62.58684142320192,1.0,True
baseline,test,warm,100032,300,30.00114813053324,0.3278618312088086,False
robust,test,warm,100032,300,152.10507160736648,0.9302885816156989,False
baseline,test,warm,100033,300,113.01842263129828,0.6591089194921083,False
robust,test,warm,100033,300,149.28911028546455,0.7209902821060771,False
baseline,test,warm,100034,300,4.184614698569752e-08,3.985146902518594e-08,False
robust,test,warm,100034,300,27.16289035129435,0.47503810426018694,False
baseline,test,warm,100035,300,7.487575991389091,0.02532680724847505,False
robust,test,warm,100035,300,7.652054616098782,0.02814212731463837,False
baseline,test,warm,100036,300,78.37203704463428,0.39891841269382583,False
robust,test,warm,100036,300,188.94752363851137,0.9159188067782856,False
baseline,test,warm,100037,79,19.539005753951752,1.0,True
robust,test,warm,100037,300,0.0,0.0,False
baseline,test,warm,100038,300,125.88733596535798,0.6681483846300377,False
robust,test,warm,100038,300,138.59770683732674,0.8634459989514488,False
baseline,test,warm,100039,300,212.01729104346043,0.8149473712037292,False
robust,test,warm,100039,246,143.4170027978366,1.0,True
baseline,test,warm,100040,300,0.12333928066566766,0.005809534055270585,False
robust,test,warm,100040,262,172.22995251563543,1.0,True
baseline,test,warm,100041,300,48.26747665994173,0.16414593842016942,False
robust,test,warm,100041,153,52.46660477152978,1.0,True
baseline,test,warm,100042,300,4.891094827272953,0.33077186491953753,False
robust,test,warm,100042,300,0.0,0.0,False
baseline,test,warm,100043,300,39.3500947942207,0.4043015060251,False
robust,test,warm,100043,300,46.159835255943726,0.29955705647301845,False
baseline,test,warm,100044,300,111.12641461649116,0.6062327126179128,False
robust,test,warm,100044,300,46.76041256862927,0.6862349991050938,False
baseline,test,warm,100045,300,7.3795937733679855,0.2828848069646279,False
robust,test,warm,100045,300,51.52372590937868,0.5481499760267314,False
baseline,test,warm,100046,300,0.0,0.0,False
robust,test,warm,100046,300,6.129331832005736,0.10590105186586225,False
baseline,test,warm,100047,300,10.545506294043111,0.21878489518122538,False
robust,test,warm,100047,300,142.5133121942601,0.5849734064939768,False
baseline,test,warm,100048,300,55.858765247972485,0.33800745875346505,False
robust,test,warm,100048,300,68.89378230857739,0.5969442447293759,False
baseline,test,warm,100049,300,201.98621962753163,0.7048548327763721,False
robust,test,warm,100049,184,80.90946325215606,1.0,True
baseline,test,warm,100050,300,93.78258508260447,0.3957834939857653,False
robust,test,warm,100050,300,166.15525448036345,0.7398747307630128,False
baseline,test,warm,100051,300,11.283660009358734,0.1850911380512445,False
robust,test,warm,100051,300,90.18826536703656,0.9131282493193751,False
baseline,test,warm,100052,300,159.0244511323878,0.5947880756961997,False
robust,test,warm,100052,300,164.74071907578337,0.6040674420371084,False
baseline,test,warm,100053,300,4.64643207662983,0.2300490256831674,False
robust,test,warm,100053,287,185.07354130532704,1.0,True
baseline,test,warm,100054,300,26.69977124717113,0.15836042577773535,False
robust,test,warm,100054,86,38.47585080949119,1.0,True
baseline,test,warm,100055,300,85.7177585366212,0.43401823451547533,False
robust,test,warm,100055,300,135.26116002836548,0.9922158219680012,False
baseline,test,warm,100056,300,1.7763610617217456,0.016577514295327115,False
robust,test,warm,100056,300,33.74157714163616,0.4642341502543023,False
baseline,test,warm,100057,300,50.234134259210876,0.343212852017695,False
robust,test,warm,100057,300,210.18686966041662,0.9941995629263,False
baseline,test,warm,100058,300,34.32308723032473,0.5692177332835249,False
robust,test,warm,100058,300,52.78618913636472,0.2244991556461121,False
baseline,test,warm,100059,300,244.1464084298703,0.9881768170084614,False
robust,test,warm,100059,92,45.04026749182473,1.0,True
baseline,test,warm,100060,300,0.0,0.0,False
robust,test,warm,100060,300,45.7164352652958,0.4240938650127453,False
baseline,test,warm,100061,300,1.3968262205442707,0.0942171809860172,False
robust,test,warm,100061,300,164.3201531162505,0.9490241477533634,False
baseline,test,warm,100062,300,0.6394388710160757,0.08384672220954222,False
robust,test,warm,100062,300,25.15401666286267,0.08384672220954222,False
baseline,test,warm,100063,300,64.95981701273416,0.41179684569052627,False
robust,test,warm,100063,300,152.6307137266825,0.9367710309989913,False
baseline,test,warm,100064,300,0.8927038646824573,0.14328782638337662,False
robust,test,warm,100064,300,40.945502051743006,0.19504337642122718,False
baseline,test,warm,100065,300,117.6987576470671,0.4017653796950366,False
robust,test,warm,100065,240,100.31353844871705,1.0,True
baseline,test,warm,100066,300,0.15671513825233502,0.04409497390125263,False
robust,test,warm,100066,300,64.7820305341859,0.730436572649958,False
baseline,test,warm,100067,300,44.02594563375938,0.20253546758854754,False
robust,test,warm,100067,300,51.280290712558845,0.28458287043628494,False
baseline,test,warm,100068,300,0.0,0.0,False
robust,test,warm,100068,300,154.82681159192222,0.9632331208313366,False
baseline,test,warm,100069,300,197.513368197994,0.7980621894799474,False
robust,test,warm,100069,300,245.19465406323548,0.9793600617135938,False
baseline,test,warm,100070,300,168.93309988849177,0.9830823431451916,False
robust,test,warm,100070,300,229.5295594103981,0.9997011448535951,False
baseline,test,warm,100071,300,13.962730697263712,0.2951851707365823,False
robust,test,warm,100071,300,108.7428861340575,0.9831158914174977,False
baseline,test,warm,100072,300,1.1873971739727303,0.08308820380126218,False
robust,test,warm,100072,300,145.98527371324798,0.7051936618184009,False
baseline,test,warm,100073,300,0.0,0.0,False
robust,test,warm,100073,300,63.88812640235675,0.35534859348217734,False
baseline,test,warm,100074,300,0.0,0.0,False
robust,test,warm,100074,207,74.37451007162726,1.0,True
baseline,test,warm,100075,300,23.802790926168214,0.30300640201768697,False
robust,test,warm,100075,300,148.54747898928585,0.7772834601041032,False
baseline,test,warm,100076,300,2.1509137984269513,0.008918584043626698,False
robust,test,warm,100076,300,143.23844157737224,0.9692900741883286,False
baseline,test,warm,100077,300,124.69315236042954,0.8909381174310687,False
robust,test,warm,100077,300,201.68135045723636,0.9910154790303648,False
baseline,test,warm,100078,300,0.8353570126045978,0.055327336127048495,False
robust,test,warm,100078,300,130.15852718685696,0.9965444645360222,False
baseline,test,warm,100079,300,3.6047759576262224,0.15374714973738526,False
robust,test,warm,100079,300,152.16794285565328,0.8411322650757264,False
baseline,test,warm,100080,300,69.03554031180543,0.44138881536017643,False
robust,test,warm,100080,300,141.9610846938259,0.7579124403208081,False
baseline,test,warm,100081,300,135.5896031064239,0.5655338429826043,False
robust,test,warm,100081,300,164.85874717602164,0.9397678402005268,False
baseline,test,warm,100082,300,62.278047646364456,0.2707582167198947,False
robust,test,warm,100082,300,0.0,0.0,False
baseline,test,warm,100083,300,0.0,0.0,False
robust,test,warm,100083,300,0.0,0.0,False
baseline,test,warm,100084,300,0.0,0.0,False
robust,test,warm,100084,300,182.68721549349556,0.9643260053117484,False
baseline,test,warm,100085,300,0.0,0.0,False
robust,test,warm,100085,300,124.0032689667029,0.9389787654546452,False
baseline,test,warm,100086,300,197.32819042268682,0.6577606347422893,False
robust,test,warm,100086,300,197.32819042268682,0.6577606347422894,False
baseline,test,warm,100087,300,55.14452449961228,0.28657415762794824,False
robust,test,warm,100087,300,224.78102391010765,0.957785448946495,False
baseline,test,warm,100088,300,114.65300982431552,0.4917998022043613,False
robust,test,warm,100088,300,47.674825035867734,0.21155850108474583,False
baseline,test,warm,100089,300,76.432932396682,0.5106760480270018,False
robust,test,warm,100089,300,0.0,0.0,False
baseline,test,warm,100090,300,63.376421136518935,0.47220600441210114,False
robust,test,warm,100090,300,0.0,0.0,False
baseline,test,warm,100091,300,7.376849349464897,0.21509742637674967,False
robust,test,warm,100091,300,170.02935986262855,0.9044213969791997,False
baseline,test,warm,100092,300,143.43304582044112,0.5158128022490316,False
robust,test,warm,100092,240,139.69728582608943,1.0,True
baseline,test,warm,100093,300,0.0,0.0,False
robust,test,warm,100093,300,212.1100874252048,0.9068254424591071,False
baseline,test,warm,100094,300,4.6831949948518705,0.06104564588234297,False
robust,test,warm,100094,300,0.0,0.0,False
baseline,test,warm,100095,300,73.5997968972338,0.41539280450428495,False
robust,test,warm,100095,300,191.73038656429202,0.9960009323987764,False
baseline,validation,clean,100000,300,169.33811566516883,0.8872679284007473,False
robust,validation,clean,100000,300,183.7262261242617,0.9051661504887694,False
baseline,validation,clean,100001,300,152.90847103818038,0.9504933063979194,False
robust,validation,clean,100001,300,0.3501585355285318,0.06912659344300823,False
baseline,validation,clean,100002,139,96.96542180663215,1.0,True
robust,validation,clean,100002,300,193.87673201468135,0.7166779008993251,False
baseline,validation,clean,100003,89,30.827752799957405,1.0,True
robust,validation,clean,100003,300,209.25439149023288,0.8886343193661994,False
baseline,validation,clean,100004,300,16.456528110673137,0.3623763894243921,False
robust,validation,clean,100004,300,142.05116473858462,0.7368474279699183,False
baseline,validation,clean,100005,300,140.68949622682732,0.9802313695848399,False
robust,validation,clean,100005,279,124.59265237546569,1.0,True
baseline,validation,clean,100006,152,45.721357036685035,1.0,True
robust,validation,clean,100006,300,0.3473487799094031,0.1547293078105982,False
baseline,validation,clean,100007,253,82.89573303306335,1.0,True
robust,validation,clean,100007,184,84.58154584546811,1.0,True
baseline,validation,clean,100008,300,72.27185057037813,0.27540421229344514,False
robust,validation,clean,100008,300,52.089438958354506,0.17876565786925452,False
baseline,validation,clean,100009,300,92.17742425414778,0.9124138307950018,False
robust,validation,clean,100009,300,4.290154440389385,0.42154850595101784,False
baseline,validation,clean,100010,300,174.22505289442293,0.9926203348453188,False
robust,validation,clean,100010,300,161.28038095262,0.9840396485114964,False
baseline,validation,clean,100011,300,118.64592162609515,0.39548640542031716,False
robust,validation,clean,100011,300,100.19560554527665,0.5459686657939967,False
baseline,validation,clean,100012,300,59.30275640618206,0.2239512356439085,False
robust,validation,clean,100012,300,192.54262158063864,0.9622411874517384,False
baseline,validation,clean,100013,300,106.38015530167343,0.4152151845192668,False
robust,validation,clean,100013,300,78.84199260709661,0.4752831445651049,False
baseline,validation,clean,100014,300,66.4104096947809,0.2432230458624423,False
robust,validation,clean,100014,149,51.59273890238437,1.0,True
baseline,validation,clean,100015,300,93.9658017934859,0.8282611461569306,False
robust,validation,clean,100015,300,0.4489217497231091,0.06870003313272974,False
baseline,validation,clean,100016,300,151.57825753622757,0.6696363585268974,False
robust,validation,clean,100016,300,190.46603731849498,0.9813987677438414,False
baseline,validation,clean,100017,300,121.69259181598233,0.6072780389679897,False
robust,validation,clean,100017,300,125.7440512910907,0.5055035326489405,False
baseline,validation,clean,100018,300,10.473393498308756,0.18940855616276847,False
robust,validation,clean,100018,120,50.33602989334771,1.0,True
baseline,validation,clean,100019,300,200.73853396139367,0.9638342677332391,False
robust,validation,clean,100019,300,45.76935454070441,0.19215081092933234,False
baseline,validation,clean,100020,300,19.11376959496729,0.5218401578425237,False
robust,validation,clean,100020,300,9.523406288661045,0.4860715267698556,False
baseline,validation,clean,100021,300,164.2110222678042,0.5563719006126128,False
robust,validation,clean,100021,300,123.40663627861466,0.5250833839010781,False
baseline,validation,clean,100022,300,176.3400156613028,0.9458533929344435,False
robust,validation,clean,100022,300,117.28168816500633,0.6713773757874324,False
baseline,validation,clean,100023,300,121.48791159723947,0.4095588462084569,False
robust,validation,clean,100023,300,231.49828958852942,0.9911661903213159,False
baseline,validation,clean,100024,300,120.01502664798295,0.5680889110895432,False
robust,validation,clean,100024,300,134.87437377808607,0.5878107758912761,False
baseline,validation,clean,100025,300,156.6581476648958,0.9790021344625578,False
robust,validation,clean,100025,300,96.49064217172368,0.9947019133702439,False
baseline,validation,clean,100026,300,209.1568410874699,0.9925887054889064,False
robust,validation,clean,100026,112,42.33554294759394,1.0,True
baseline,validation,clean,100027,300,33.26267888486157,0.1378462240107152,False
robust,validation,clean,100027,300,42.283572512350354,0.3950803303184969,False
baseline,validation,clean,100028,300,175.6881904793155,0.9673497963221718,False
robust,validation,clean,100028,300,60.51361486231934,0.24061890193889346,False
baseline,validation,clean,100029,300,79.04367851562822,0.7825105363956479,False
robust,validation,clean,100029,300,132.09856171187656,0.8182098754183599,False
baseline,validation,clean,100030,300,5.809016092299542,0.02474798134532782,False
robust,validation,clean,100030,300,26.54437858275827,0.12308524574293582,False
baseline,validation,clean,100031,300,207.2269884667004,0.9403880674793548,False
robust,validation,clean,100031,300,170.01676863814086,0.9205802465764601,False
baseline,validation,delay,100000,300,176.03792438100663,0.9098897447182905,False
robust,validation,delay,100000,300,144.37845243268998,0.7943973609202121,False
baseline,validation,delay,100001,300,164.97534623242723,0.9788328747545255,False
robust,validation,delay,100001,300,162.98420317878538,0.9612396623933059,False
baseline,validation,delay,100002,300,237.22720000268632,0.9935122274378472,False
robust,validation,delay,100002,300,205.17373866575667,0.7975521982869552,False
baseline,validation,delay,100003,300,192.81192728729908,0.9996766882592277,False
robust,validation,delay,100003,300,200.67258434256593,0.8545683172134244,False
baseline,validation,delay,100004,300,16.419904240396587,0.36781679361908787,False
robust,validation,delay,100004,300,23.171513902678,0.3558933816078792,False
baseline,validation,delay,100005,300,117.98163293065272,0.8790604777823429,False
robust,validation,delay,100005,248,112.9945580828917,1.0,True
baseline,validation,delay,100006,221,96.36918361211043,1.0,True
robust,validation,delay,100006,300,0.45180936150569423,0.15292937751818347,False
baseline,validation,delay,100007,300,125.47660815597217,0.9659494811771528,False
robust,validation,delay,100007,300,197.86674410799674,0.9385598391391622,False
baseline,validation,delay,100008,300,81.70245572085555,0.3915329375502168,False
robust,validation,delay,100008,300,57.66430545651102,0.20409137045255876,False
baseline,validation,delay,100009,300,79.28397698227562,0.4443312147522063,False
robust,validation,delay,100009,300,3.9351591217011244,0.42154850595101784,False
baseline,validation,delay,100010,158,37.03060760966091,1.0,True
robust,validation,delay,100010,300,136.63701770403696,0.8883832805540309,False
baseline,validation,delay,100011,300,118.64592162609515,0.39548640542031716,False
robust,validation,delay,100011,300,118.50585485518941,0.5564225873458507,False
baseline,validation,delay,100012,300,74.57361179265142,0.35579469492155447,False
robust,validation,delay,100012,270,59.50207142627026,1.0,True
baseline,validation,delay,100013,300,96.8233645884903,0.39717553824934515,False
robust,validation,delay,100013,300,75.24774129922709,0.5036606357759486,False
baseline,validation,delay,100014,300,108.93568616600993,0.5473861642073587,False
robust,validation,delay,100014,300,128.00857942541396,0.5018231810233529,False
baseline,validation,delay,100015,300,166.2242581619497,0.9413833841345705,False
robust,validation,delay,100015,300,0.3271799768746353,0.05847214645663232,False
baseline,validation,delay,100016,268,134.1404658388335,1.0,True
robust,validation,delay,100016,300,169.0839694106066,0.9214787927615472,False
baseline,validation,delay,100017,300,139.54288159971415,0.9841302711620147,False
robust,validation,delay,100017,300,175.15281599705082,0.9297167315925269,False
baseline,validation,delay,100018,300,73.53093684896852,0.5426258390933378,False
robust,validation,delay,100018,300,14.387814651609332,0.05214029307358041,False
baseline,validation,delay,100019,202,103.26980334289165,1.0,True
robust,validation,delay,100019,300,146.51820035871322,0.9217124050926593,False
baseline,validation,delay,100020,245,73.68503142037777,1.0,True
robust,validation,delay,100020,300,10.415524512073503,0.512133008471661,False
baseline,validation,delay,100021,300,150.7631357511143,0.5374742843217206,False
robust,validation,delay,100021,300,191.58273215841288,0.6726424096114965,False
baseline,validation,delay,100022,300,63.440763693530556,0.4014802377406851,False
robust,validation,delay,100022,300,134.11678501584913,0.8105490099570265,False
baseline,validation,delay,100023,300,120.5297491271168,0.4073144119909371,False
robust,validation,delay,100023,127,91.3573240168575,1.0,True
baseline,validation,delay,100024,300,111.96317826667746,0.5801336827450162,False
robust,validation,delay,100024,300,123.05029292853018,0.6205657735773707,False
baseline,validation,delay,100025,153,70.63055053318014,1.0,True
robust,validation,delay,100025,300,81.42488809181503,0.9291550487935716,False
baseline,validation,delay,100026,300,165.2488561472673,0.7888787957780248,False
robust,validation,delay,100026,205,84.09329845894686,1.0,True
baseline,validation,delay,100027,300,149.94215120465506,0.9872263525182676,False
robust,validation,delay,100027,300,72.15181813253886,0.6844853100620164,False
baseline,validation,delay,100028,300,179.10560523489752,0.9336638776961811,False
robust,validation,delay,100028,300,60.479440766154624,0.24061890193889346,False
baseline,validation,delay,100029,300,60.66584713811624,0.5316164029736564,False
robust,validation,delay,100029,300,71.48521292972191,0.41544630213881995,False
baseline,validation,delay,100030,300,6.5692738904736405,0.03162680901827343,False
robust,validation,delay,100030,300,29.269767290806982,0.12403351916985648,False
baseline,validation,delay,100031,300,203.85051292257896,0.9994933635816915,False
robust,validation,delay,100031,300,141.26004764551283,0.9615814740154554,False
baseline,validation,dim,100000,300,163.37418623975466,0.8693046989035159,False
robust,validation,dim,100000,300,186.6577127724197,0.9598126401616015,False
baseline,validation,dim,100001,300,0.37388401260253146,0.06890647676055325,False
robust,validation,dim,100001,300,166.10387150072268,0.8131178511594429,False
baseline,validation,dim,100002,300,43.25098430647378,0.14560497872981046,False
robust,validation,dim,100002,222,155.5454857878679,1.0,True
baseline,validation,dim,100003,300,111.94749224527777,0.9618754882860041,False
robust,validation,dim,100003,182,107.81340390149018,1.0,True
baseline,validation,dim,100004,300,18.267067825845103,0.35496498613627997,False
robust,validation,dim,100004,300,174.10353335605603,0.999087669664676,False
baseline,validation,dim,100005,300,4.628306936521622,0.19246745779947594,False
robust,validation,dim,100005,300,177.46208490731243,0.9553875762708512,False
baseline,validation,dim,100006,300,0.8293920115635702,0.15099262082726544,False
robust,validation,dim,100006,300,0.296844808872813,0.15591980398687946,False
baseline,validation,dim,100007,300,27.460106619886258,0.1383604116669312,False
robust,validation,dim,100007,300,189.62193179425458,0.997670871532401,False
baseline,validation,dim,100008,300,70.26082376156852,0.25975749103836154,False
robust,validation,dim,100008,300,202.80642184582703,0.8834276352378404,False
baseline,validation,dim,100009,300,147.43140819447385,0.6050507260200584,False
robust,validation,dim,100009,300,54.32739416123999,0.42154850595101784,False
baseline,validation,dim,100010,300,20.523399516023623,0.5484310912345658,False
robust,validation,dim,100010,223,83.81114244943207,1.0,True
baseline,validation,dim,100011,300,118.64592162609515,0.39548640542031716,False
robust,validation,dim,100011,300,118.64592162609515,0.39548640542031716,False
baseline,validation,dim,100012,300,0.0,0.0,False
robust,validation,dim,100012,300,46.38834177540218,0.1936080961930132,False
baseline,validation,dim,100013,300,120.94247278424069,0.5127555315239073,False
robust,validation,dim,100013,300,138.69846644837386,0.9749624634778052,False
baseline,validation,dim,100014,300,61.00125925042667,0.25360124728502526,False
robust,validation,dim,100014,300,180.38617572145318,0.98297815010867,False
baseline,validation,dim,100015,300,0.5931348609750242,0.06103290961215045,False
robust,validation,dim,100015,300,0.2643111891763594,0.062446954059162535,False
baseline,validation,dim,100016,300,99.05635579696028,0.3815835339707359,False
robust,validation,dim,100016,300,150.65812615033127,0.8160630744802757,False
baseline,validation,dim,100017,300,24.529839914229132,0.37072083283138674,False
robust,validation,dim,100017,300,191.1685364732637,0.9711660106314869,False
baseline,validation,dim,100018,300,51.83389626056301,0.7056126031865971,False
robust,validation,dim,100018,151,87.58419812946428,1.0,True
baseline,validation,dim,100019,300,192.47118088993295,0.848168529092314,False
robust,validation,dim,100019,300,142.3143258641596,0.7353798054790585,False
baseline,validation,dim,100020,300,77.2575042580678,0.38277234303101704,False
robust,validation,dim,100020,300,9.351908454934675,0.4994468276836133,False
baseline,validation,dim,100021,300,130.27141315174202,0.43423804383914016,False
robust,validation,dim,100021,300,102.81879218606656,0.457406499195045,False
baseline,validation,dim,100022,138,62.194183568246274,1.0,True
robust,validation,dim,100022,300,156.25679824634216,0.9841070040897798,False
baseline,validation,dim,100023,300,228.64307689446338,0.8422471135529331,False
robust,validation,dim,100023,300,225.62851846649772,0.9805270458435854,False
baseline,validation,dim,100024,300,135.57498726845137,0.5427878855645755,False
robust,validation,dim,100024,300,151.5786259137851,0.6948232960717657,False
baseline,validation,dim,100025,300,2.9375610990708427,0.22552367644464083,False
robust,validation,dim,100025,272,70.15866675899981,1.0,True
baseline,validation,dim,100026,300,110.54614664634924,0.542783199179346,False
robust,validation,dim,100026,153,80.81229044802646,1.0,True
baseline,validation,dim,100027,300,176.9827916232227,0.7291469709966621,False
robust,validation,dim,100027,300,46.75209286319638,0.5526127527856504,False
baseline,validation,dim,100028,300,68.71860404795072,0.5160619816438895,False
robust,validation,dim,100028,300,173.1398059681033,0.9879832037323016,False
baseline,validation,dim,100029,300,17.200920504697596,0.547129071145032,False
robust,validation,dim,100029,300,87.44446773386522,0.9179735752121134,False
baseline,validation,dim,100030,300,5.875498621550727,0.15963440957119202,False
robust,validation,dim,100030,300,52.8915245687506,0.38303880177002175,False
baseline,validation,dim,100031,300,130.6022732731318,0.9096953798844714,False
robust,validation,dim,100031,300,126.84801215411923,0.48553324716290586,False
baseline,validation,warm,100000,300,173.9478147330384,0.579826049110128,False
robust,validation,warm,100000,300,121.78938263219605,0.6104515087618266,False
baseline,validation,warm,100001,300,0.0550031711697483,0.021604909604260106,False
robust,validation,warm,100001,300,2.490996262752193,0.06892738163456191,False
baseline,validation,warm,100002,300,58.05869889103375,0.378002838725342,False
robust,validation,warm,100002,300,190.94501796309908,0.7193483484320525,False
baseline,validation,warm,100003,300,0.16990674307409986,0.004750237396137197,False
robust,validation,warm,100003,300,184.77833726879504,0.9262513301676616,False
baseline,validation,warm,100004,300,18.115835088520985,0.35976767679982374,False
robust,validation,warm,100004,300,170.15586323298743,0.9487388629171826,False
baseline,validation,warm,100005,230,77.19158852183168,1.0,True
robust,validation,warm,100005,300,184.99094373689024,0.9319512205003304,False
baseline,validation,warm,100006,300,0.8969843910087818,0.15215820138716585,False
robust,validation,warm,100006,300,111.54121601739509,0.8328571096684443,False
baseline,validation,warm,100007,300,0.8754321840181499,0.1465560566040805,False
robust,validation,warm,100007,174,83.79772108388279,1.0,True
baseline,validation,warm,100008,300,67.95610947309883,0.24786887512364936,False
robust,validation,warm,100008,300,45.75427102882493,0.15278304747956575,False
baseline,validation,warm,100009,300,80.79395766728257,0.42154850595101784,False
robust,validation,warm,100009,300,39.28058145810658,0.42154850595101784,False
baseline,validation,warm,100010,300,23.192751634175167,0.43874667779237825,False
robust,validation,warm,100010,300,155.87377769763694,0.9586149194636365,False
baseline,validation,warm,100011,300,118.64592162609515,0.39548640542031716,False
robust,validation,warm,100011,300,136.39749385396328,0.8404588041941264,False
baseline,validation,warm,100012,300,72.90606640506572,0.3759421581838627,False
robust,validation,warm,100012,300,207.34483166109797,0.9494943083835317,False
baseline,validation,warm,100013,300,53.85210018608075,0.39398370796148663,False
robust,validation,warm,100013,267,79.03796439091775,1.0,True
baseline,validation,warm,100014,300,4.839350567888243,0.19312402365881043,False
robust,validation,warm,100014,300,65.96410374857008,0.28810487648207467,False
baseline,validation,warm,100015,300,0.3369137009975301,0.055171683948075964,False
robust,validation,warm,100015,300,96.63039124197792,0.8606178315364198,False
baseline,validation,warm,100016,300,53.28133095712988,0.5360487868202656,False
robust,validation,warm,100016,214,105.23291891955753,1.0,True
baseline,validation,warm,100017,300,105.51075557306396,0.5627318591022974,False
robust,validation,warm,100017,300,69.89549471903953,0.3679660106927639,False
baseline,validation,warm,100018,300,22.12613363361072,0.4062056001031347,False
robust,validation,warm,100018,300,10.448784164477365,0.037649186656496345,False
baseline,validation,warm,100019,300,142.29752603025003,0.8479928026914537,False
robust,validation,warm,100019,300,156.57147575931896,0.6926666898448258,False
baseline,validation,warm,100020,300,133.3176732258562,0.9744254064152805,False
robust,validation,warm,100020,300,11.657916858946283,0.496243731853393,False
baseline,validation,warm,100021,300,108.50536684177933,0.43423804383914016,False
robust,validation,warm,100021,300,186.18987617003592,0.7776304843589845,False
baseline,validation,warm,100022,300,42.9640099704869,0.42512113495418363,False
robust,validation,warm,100022,262,142.18422716466944,1.0,True
baseline,validation,warm,100023,300,176.48021305365273,0.737080010728062,False
robust,validation,warm,100023,101,70.0759727988794,1.0,True
baseline,validation,warm,100024,300,16.98642362826317,0.06200130395376682,False
robust,validation,warm,100024,300,161.43997407356912,0.6827150153351066,False
baseline,validation,warm,100025,300,17.014199512483643,0.5688715986335606,False
robust,validation,warm,100025,300,170.01889856348214,0.9721284638850056,False
baseline,validation,warm,100026,143,64.85981043520364,1.0,True
robust,validation,warm,100026,300,190.44814001031705,0.9755017113061821,False
baseline,validation,warm,100027,300,152.50344923517451,0.7238237963019821,False
robust,validation,warm,100027,300,44.87462526659501,0.635653473315009,False
baseline,validation,warm,100028,300,50.21209029085102,0.5065745342712016,False
robust,validation,warm,100028,300,71.29154975547058,0.24061890193889346,False
baseline,validation,warm,100029,300,88.60331500708494,0.5784087147545124,False
robust,validation,warm,100029,300,141.549478025594,0.9231268861292635,False
baseline,validation,warm,100030,300,59.504989316379856,0.4209542582637096,False
robust,validation,warm,100030,300,41.45590481823983,0.3716919006233584,False
baseline,validation,warm,100031,300,30.335092896492444,0.699802796178258,False
robust,validation,warm,100031,300,121.30165454540713,0.6646433875954968,False
