step,iteration_seconds,loss,tokens,vae_rank_mean_seconds,vae_rank_max_seconds,prepare_rank_mean_seconds,prepare_rank_max_seconds
52,13.33,4.5989,912072,2.996,3.07,3.034,3.107
53,13.35,4.9152,913777,3.025,3.169,3.066,3.214
54,13.35,3.6152,912379,3.03,3.159,3.069,3.202
55,13.22,4.3364,911860,2.972,3.021,3.01,3.06
56,13.19,4.3494,911592,2.993,3.138,3.031,3.179
57,13.34,3.916,911812,3.017,3.195,3.055,3.233
58,13.24,3.5305,910092,3.019,3.103,3.058,3.143
59,13.32,3.7989,914290,3.014,3.17,3.052,3.213
60,13.38,3.69,916130,3.023,3.163,3.062,3.203
61,13.22,2.4964,916158,3.023,3.171,3.061,3.216
62,13.32,2.6033,917487,3.005,3.095,3.045,3.132
63,13.29,2.6575,913570,3.037,3.183,3.077,3.226
64,13.33,2.6912,914264,3.029,3.303,3.067,3.345
65,13.26,2.8485,914925,3.01,3.122,3.049,3.165
66,13.4,4.7039,913078,3.028,3.286,3.067,3.33
67,13.11,3.172,914171,2.967,3.028,3.004,3.071
68,13.16,2.4848,913941,2.973,3.046,3.01,3.086
69,13.35,2.5579,912759,2.999,3.164,3.037,3.207
70,13.41,2.7462,913590,3.008,3.116,3.044,3.155
71,13.31,2.5396,913331,3.005,3.056,3.043,3.094
72,13.26,2.4437,912818,2.989,3.112,3.027,3.15
73,13.36,2.4808,915665,3.036,3.213,3.074,3.252
74,13.27,2.5423,914362,3.009,3.198,3.046,3.235
75,13.21,2.8103,913784,3.005,3.123,3.044,3.172
76,13.27,3.0545,912650,2.998,3.059,3.036,3.1
77,13.18,2.5297,913717,2.963,3.095,2.999,3.134
78,13.3,2.4089,915062,2.988,3.181,3.027,3.226
79,13.39,3.4986,913709,3.057,3.193,3.095,3.233
80,13.17,2.4155,910706,2.979,3.107,3.016,3.148
81,13.27,1.9497,911300,2.99,3.058,3.027,3.095
82,13.34,3.2739,914687,2.997,3.09,3.035,3.133
83,13.26,2.9184,912214,3.023,3.14,3.061,3.184
84,13.14,3.0778,912291,2.993,3.054,3.031,3.09
85,13.45,1.9486,916260,3.03,3.298,3.069,3.339
86,13.3,2.3847,913584,3.02,3.134,3.057,3.171
87,13.29,2.437,913127,2.976,3.071,3.014,3.109
88,13.36,2.056,915608,3.008,3.149,3.046,3.187
89,13.36,2.3497,913484,3.024,3.113,3.063,3.157
90,13.32,2.3669,913110,2.991,3.088,3.03,3.127
91,13.31,3.0362,910880,3.042,3.223,3.081,3.26
92,13.32,2.0766,911373,3.016,3.238,3.055,3.281
93,13.3,1.9709,913124,3.022,3.197,3.062,3.234
94,13.29,1.7485,910256,3.013,3.11,3.053,3.153
95,13.34,2.1351,911636,3.024,3.229,3.062,3.27
96,13.27,2.2534,914349,2.995,3.171,3.033,3.209
97,13.33,1.8135,911560,3.019,3.165,3.057,3.204
98,13.24,1.8986,912807,2.991,3.116,3.03,3.163
99,13.32,2.1402,915213,3.007,3.117,3.046,3.157
100,13.35,2.1935,914344,3.037,3.156,3.075,3.194
101,13.31,2.3907,913680,3.006,3.185,3.046,3.23
102,13.39,2.3999,911839,3.033,3.171,3.072,3.207
103,13.31,2.0485,917022,2.995,3.065,3.032,3.105
104,13.31,2.1503,915799,3.006,3.109,3.044,3.147
105,13.29,1.8577,913450,2.996,3.151,3.034,3.19
106,13.36,2.3555,917613,3.01,3.212,3.048,3.253
107,13.19,2.7792,914564,2.997,3.155,3.035,3.196
108,13.24,2.3289,919005,2.989,3.067,3.028,3.105
109,13.22,2.1553,913283,3.027,3.195,3.067,3.244
110,13.4,1.9331,912836,3.054,3.213,3.092,3.253
111,13.36,2.0762,914053,2.988,3.097,3.026,3.136
112,13.28,1.951,911071,3.045,3.281,3.082,3.321
113,13.19,1.5826,914597,3.001,3.1,3.039,3.141
114,13.22,1.9001,913449,2.991,3.063,3.028,3.103
115,13.23,2.2848,913551,2.996,3.117,3.033,3.155
116,13.31,1.8895,918302,2.988,3.073,3.026,3.112
117,13.13,1.5144,915245,2.978,3.061,3.015,3.099
118,13.25,1.8651,915941,3.008,3.154,3.046,3.195
119,13.36,1.696,915370,3.007,3.153,3.046,3.194
120,13.29,1.9961,912166,2.998,3.167,3.038,3.22
121,13.43,1.8171,910983,3.043,3.165,3.082,3.207
122,13.33,2.2017,911051,2.979,3.102,3.017,3.149
123,13.35,2.2565,912185,3.008,3.19,3.046,3.233
124,13.35,1.7915,913055,3.063,3.135,3.102,3.179
125,13.26,1.6107,911059,2.994,3.096,3.031,3.137
126,13.27,1.8046,912110,3.031,3.199,3.071,3.241
127,13.29,1.5356,916489,3.017,3.18,3.055,3.222
128,13.27,1.5276,914584,3.015,3.109,3.053,3.151
129,13.17,1.715,913538,3.001,3.167,3.038,3.206
130,13.24,2.1189,912588,2.968,3.023,3.005,3.061
131,13.26,1.6189,914212,2.97,3.047,3.009,3.088
132,13.35,2.2277,914857,3.025,3.192,3.063,3.233
133,13.44,1.7067,912062,3.019,3.213,3.058,3.255
134,13.26,2.0803,914974,2.993,3.122,3.03,3.162
135,13.22,1.563,916736,2.981,3.099,3.02,3.141
136,13.36,2.312,917831,3.007,3.121,3.047,3.164
137,13.35,1.5664,913671,2.995,3.182,3.032,3.222
138,13.36,1.8127,911977,2.993,3.089,3.03,3.13
139,13.32,2.42,914470,3.013,3.131,3.051,3.17
140,13.23,1.6483,912669,3.002,3.094,3.042,3.137
141,13.14,1.9311,916129,3.011,3.089,3.049,3.131
142,13.23,2.3597,914617,3.013,3.207,3.054,3.247
143,13.4,2.7189,916148,3.055,3.235,3.094,3.28
144,13.24,1.9281,912925,3.017,3.148,3.055,3.187
145,13.38,1.9613,913005,3.024,3.198,3.063,3.241
146,13.28,1.5678,913962,3.024,3.14,3.064,3.183
147,13.36,1.7049,910758,3.053,3.254,3.093,3.302
148,13.31,2.1101,913529,3.002,3.159,3.04,3.204
149,13.39,1.5399,910848,3.025,3.196,3.064,3.235
150,13.23,1.5865,914687,2.998,3.116,3.037,3.157
151,13.24,1.5907,911417,2.977,3.037,3.014,3.076
152,13.3,1.608,915371,3.025,3.119,3.064,3.16
153,13.28,1.8335,910063,2.993,3.059,3.031,3.099
154,13.41,1.3261,913988,3.009,3.19,3.048,3.235
155,13.33,1.5122,913206,3.007,3.13,3.047,3.172
156,13.35,1.8321,914898,3.033,3.093,3.072,3.134
157,13.28,2.0612,912487,3.005,3.115,3.044,3.154
158,13.29,1.8641,911543,3.005,3.068,3.043,3.108
159,13.26,1.7966,916687,3.017,3.176,3.055,3.213
160,13.26,1.3523,916080,2.996,3.114,3.034,3.156
161,13.31,2.0631,917917,3.003,3.133,3.041,3.171
162,13.31,1.596,913385,3.016,3.159,3.055,3.201
163,13.34,1.7703,909605,3.026,3.097,3.065,3.136
164,13.28,1.8655,913186,3.017,3.193,3.055,3.234
165,13.42,1.6175,911850,3.027,3.242,3.066,3.284
166,13.44,1.5668,916283,3.017,3.135,3.056,3.176
167,13.4,1.6533,910911,3.04,3.285,3.078,3.327
168,13.32,1.4901,913303,2.987,3.074,3.024,3.118
169,13.18,1.3655,911118,2.998,3.151,3.037,3.199
170,13.31,1.397,909738,3.01,3.145,3.049,3.183
171,13.34,1.31,912641,3.018,3.123,3.057,3.165
172,13.28,1.4187,913677,2.977,3.148,3.015,3.186
173,13.28,1.2512,907279,3.014,3.163,3.053,3.204
174,13.3,1.2544,908091,2.991,3.073,3.028,3.108
175,13.26,1.5848,913484,3.0,3.126,3.039,3.169
176,13.26,1.8922,914698,2.977,3.049,3.015,3.095
177,13.3,1.387,911694,3.035,3.193,3.073,3.235
178,13.23,1.4267,911220,3.01,3.157,3.049,3.197
179,13.32,1.5513,915027,3.03,3.162,3.07,3.205
180,13.43,1.4608,912984,3.02,3.177,3.058,3.222
181,13.4,1.7538,913838,3.034,3.126,3.075,3.169
182,13.36,1.6132,913512,3.011,3.117,3.049,3.161
183,13.26,1.3916,912465,2.988,3.12,3.027,3.164
184,13.23,1.4457,912816,2.988,3.055,3.027,3.094
185,13.22,1.4709,915989,2.956,2.974,2.994,3.014
186,13.33,1.2932,916473,3.018,3.195,3.056,3.241
187,13.3,1.8962,915803,3.005,3.16,3.043,3.2
188,13.28,1.6399,914637,3.011,3.109,3.05,3.147
189,13.43,2.1528,913031,3.01,3.124,3.049,3.161
190,13.33,1.6276,912601,3.015,3.286,3.054,3.332
191,13.36,1.3055,915183,3.015,3.147,3.052,3.188
192,13.38,2.0333,912635,3.032,3.258,3.071,3.305
193,13.19,1.8731,917922,2.982,3.067,3.018,3.106
194,13.31,1.8144,919406,2.989,3.197,3.026,3.238
195,13.24,1.3928,912879,3.01,3.113,3.048,3.153
196,13.23,1.7461,913273,2.988,3.053,3.026,3.091
197,13.27,1.3311,915847,3.011,3.147,3.048,3.188
198,13.18,1.3661,915072,2.983,3.103,3.021,3.145
199,13.32,1.5373,914830,3.022,3.261,3.06,3.304
200,13.38,1.2656,913570,3.056,3.211,3.095,3.252
