rank,device,category,start_seconds,stop_seconds,kernel_busy_seconds
0,0,all_kernels,0.0,0.25,0
0,0,all_kernels,0.25,0.5,0
0,0,all_kernels,0.5,0.75,0
0,0,all_kernels,0.75,1.0,0
0,0,all_kernels,1.0,1.25,0
0,0,all_kernels,1.25,1.5,0.05043924511719178
0,0,all_kernels,1.5,1.75,0.12358073144530302
0,0,all_kernels,1.75,2.0,0.15009487402343047
0,0,all_kernels,2.0,2.25,0.17189467382811063
0,0,all_kernels,2.25,2.5,0.13121013867189824
0,0,all_kernels,2.5,2.75,0.23480282324219193
0,0,all_kernels,2.75,3.0,0.21765005859375597
0,0,all_kernels,3.0,3.25,0.2330317802734423
0,0,all_kernels,3.25,3.5,0.247045470703124
0,0,all_kernels,3.5,3.75,0.2470614980468735
0,0,all_kernels,3.75,4.0,0.10042762890624823
0,0,all_kernels,4.0,4.25,0
0,0,all_kernels,4.25,4.5,0
0,0,all_kernels,4.5,4.75,0
0,0,all_kernels,4.75,5.0,0
0,0,all_kernels,5.0,5.25,0.11781229687500083
0,0,all_kernels,5.25,5.5,0.13871710937498793
0,0,all_kernels,5.5,5.75,0.17154513476561561
0,0,all_kernels,5.75,6.0,0.17172953124995072
0,0,all_kernels,6.0,6.25,0.16971003710935495
0,0,all_kernels,6.25,6.5,0.24536111328124743
0,0,all_kernels,6.5,6.75,0.2065286767578094
0,0,all_kernels,6.75,7.0,0.24709036425780173
0,0,all_kernels,7.0,7.25,0.2470633046875088
0,0,all_kernels,7.25,7.5,0.17197239550783117
0,0,all_kernels,7.5,7.75,0
0,0,all_kernels,7.75,8.0,0
0,0,all_kernels,8.0,8.25,0
0,0,all_kernels,8.25,8.5,0
0,0,all_kernels,8.5,8.75,0.0648933779296268
0,0,all_kernels,8.75,9.0,0.12489099218744748
0,0,all_kernels,9.0,9.25,0.16520833300788595
0,0,all_kernels,9.25,9.5,0.17248216992193832
0,0,all_kernels,9.5,9.75,0.13220680468756107
0,0,all_kernels,9.75,10.0,0.24712610156249326
0,0,all_kernels,10.0,10.25,0.20915502734375835
0,0,all_kernels,10.25,10.5,0.2426826601562322
0,0,all_kernels,10.5,10.75,0.24708799121092362
0,0,all_kernels,10.75,11.0,0.24711419531248602
0,0,all_kernels,11.0,11.25,0.08776687109371828
0,0,all_kernels,11.25,11.5,0
0,0,all_kernels,11.5,11.75,0
0,0,all_kernels,11.75,12.0,0
0,0,all_kernels,12.0,12.25,0.0013231679687581988
0,0,all_kernels,12.25,12.5,0.1278065703125062
0,0,all_kernels,12.5,12.75,0.1426230947265168
0,0,all_kernels,12.75,13.0,0.16733480175784265
0,0,all_kernels,13.0,13.25,0.1637881582031646
0,0,all_kernels,13.25,13.5,0.16641831835937992
0,0,all_kernels,13.5,13.75,0.2454569804687452
0,0,all_kernels,13.75,14.0,0.20737530664062653
0,0,all_kernels,14.0,14.25,0.24710622265622462
0,0,all_kernels,14.25,14.5,0.24702304101561445
0,0,all_kernels,14.5,14.75,0.14881242382813653
0,0,all_kernels,14.75,15.0,0
0,0,all_kernels,15.0,15.25,0
0,0,all_kernels,15.25,15.5,0
0,0,all_kernels,15.5,15.75,0
0,0,all_kernels,15.75,16.0,0
0,0,all_kernels,16.0,16.25,0.0963057499999529
0,0,all_kernels,16.25,16.5,0.13048383691391052
0,0,all_kernels,16.5,16.75,0.16606187988282883
0,0,all_kernels,16.75,17.0,0.1695218212889671
0,0,all_kernels,17.0,17.25,0.1453844599609191
0,0,all_kernels,17.25,17.5,0.24562706640623588
0,0,all_kernels,17.5,17.75,0.2052929287108327
0,0,all_kernels,17.75,18.0,0.24709823046869772
0,0,all_kernels,18.0,18.25,0.24691865136715663
0,0,all_kernels,18.25,18.5,0.24721612597654996
0,0,all_kernels,18.5,18.75,0.007203335937497002
0,0,all_kernels,18.75,19.0,0
0,0,all_kernels,19.0,19.25,0
0,0,all_kernels,19.25,19.5,0
0,0,all_kernels,19.5,19.75,0.020789087890559443
0,0,all_kernels,19.75,20.0,0.12290276074214646
0,0,all_kernels,20.0,20.25,0.15348384277333338
0,0,all_kernels,20.25,20.5,0.17118353124986996
0,0,all_kernels,20.5,20.75,0.1574688867186147
0,0,all_kernels,20.75,21.0,0.19237490917978306
0,0,all_kernels,21.0,21.25,0.22486132519536284
0,0,all_kernels,21.25,21.5,0.22404830566408052
0,0,all_kernels,21.5,21.75,0.24709768359375062
0,0,all_kernels,21.75,22.0,0.24704475781251034
0,0,all_kernels,22.0,22.25,0.10471429980475833
0,0,all_kernels,22.25,22.5,0
0,0,all_kernels,22.5,22.75,0
0,0,all_kernels,22.75,23.0,0
0,0,all_kernels,23.0,23.25,0
0,0,all_kernels,23.25,23.5,0.1178803330077649
0,0,all_kernels,23.5,23.75,0.13081798046867021
0,0,all_kernels,23.75,24.0,0.15342825585943842
0,0,all_kernels,24.0,24.25,0.15609733593728237
0,0,all_kernels,24.25,24.5,0.13489693554676307
0,0,all_kernels,24.5,24.75,0.24559506250001562
0,0,all_kernels,24.75,25.0,0.2091672802734763
0,0,all_kernels,25.0,25.25,0.24710520312500606
0,0,all_kernels,25.25,25.5,0.24702607421876976
0,0,all_kernels,25.5,25.75,0.19012254101566484
0,0,all_kernels,25.75,26.0,0
0,0,all_kernels,26.0,26.25,0
0,0,all_kernels,26.25,26.5,0
0,0,all_kernels,26.5,26.75,0
0,0,all_kernels,26.75,27.0,0.06275281835930713
0,0,all_kernels,27.0,27.25,0.12526505371100072
0,0,all_kernels,27.25,27.5,0.1692018818360097
0,0,all_kernels,27.5,27.75,0.16843472656248792
0,0,all_kernels,27.75,28.0,0.13267079296882756
0,0,all_kernels,28.0,28.25,0.24701336621092196
0,0,all_kernels,28.25,28.5,0.20803532519513723
0,0,all_kernels,28.5,28.75,0.2471064277343622
0,0,all_kernels,28.75,29.0,0.24690659082034472
0,0,all_kernels,29.0,29.25,0.2470593544921833
0,0,all_kernels,29.25,29.35153751171875,0.07079462304688988
0,0,attention,0.0,0.25,0
0,0,attention,0.25,0.5,0
0,0,attention,0.5,0.75,0
0,0,attention,0.75,1.0,0
0,0,attention,1.0,1.25,0
0,0,attention,1.25,1.5,0.0002770878906253049
0,0,attention,1.5,1.75,0.0006902099609373824
0,0,attention,1.75,2.0,0.0008580810546874318
0,0,attention,2.0,2.25,0.000968741210938262
0,0,attention,2.25,2.5,0.0007481250000007655
0,0,attention,2.5,2.75,0.008955021484374992
0,0,attention,2.75,3.0,0.015384093750000716
0,0,attention,3.0,3.25,0.012243320312498973
0,0,attention,3.25,3.5,0.014559166015625014
0,0,attention,3.5,3.75,0.014504932617188881
0,0,attention,3.75,4.0,0.005290506835938125
0,0,attention,4.0,4.25,0
0,0,attention,4.25,4.5,0
0,0,attention,4.5,4.75,0
0,0,attention,4.75,5.0,0
0,0,attention,5.0,5.25,0.0006359941406257619
0,0,attention,5.25,5.5,0.000830593750001718
0,0,attention,5.5,5.75,0.0009406445312496459
0,0,attention,5.75,6.0,0.0009959394531255938
0,0,attention,6.0,6.25,0.0036094453124970727
0,0,attention,6.25,6.5,0.018524231445316452
0,0,attention,6.5,6.75,0.011040439453127604
0,0,attention,6.75,7.0,0.014409695312503246
0,0,attention,7.0,7.25,0.014823333984374187
0,0,attention,7.25,7.5,0.00913784472656154
0,0,attention,7.5,7.75,0
0,0,attention,7.75,8.0,0
0,0,attention,8.0,8.25,0
0,0,attention,8.25,8.5,0
0,0,attention,8.5,8.75,0.00035958398437685446
0,0,attention,8.75,9.0,0.0007197763671857871
0,0,attention,9.0,9.25,0.0009410556640663259
0,0,attention,9.25,9.5,0.0009420527343806384
0,0,attention,9.5,9.75,0.0005808623046892336
0,0,attention,9.75,10.0,0.009941812500001035
0,0,attention,10.0,10.25,0.014532382812502576
0,0,attention,10.25,10.5,0.013525374999991513
0,0,attention,10.5,10.75,0.014373021484372472
0,0,attention,10.75,11.0,0.014272704101561118
0,0,attention,11.0,11.25,0.0040585009765568
0,0,attention,11.25,11.5,0
0,0,attention,11.5,11.75,0
0,0,attention,11.75,12.0,0
0,0,attention,12.0,12.25,0
0,0,attention,12.25,12.5,0.0007191982421872467
0,0,attention,12.5,12.75,0.0008023388671869469
0,0,attention,12.75,13.0,0.0009416630859409025
0,0,attention,13.0,13.25,0.0009411523437456992
0,0,attention,13.25,13.5,0.006073736328120916
0,0,attention,13.5,13.75,0.017962760742177508
0,0,attention,13.75,14.0,0.01083121874999371
0,0,attention,14.0,14.25,0.013936447265621155
0,0,attention,14.25,14.5,0.014592384765627742
0,0,attention,14.5,14.75,0.006647697265623975
0,0,attention,14.75,15.0,0
0,0,attention,15.0,15.25,0
0,0,attention,15.25,15.5,0
0,0,attention,15.5,15.75,0
0,0,attention,15.75,16.0,0
0,0,attention,16.0,16.25,0.000525824218744475
0,0,attention,16.25,16.5,0.0007463710937400947
0,0,attention,16.5,16.75,0.0009689619140580419
0,0,attention,16.75,17.0,0.0009419882812480296
0,0,attention,17.0,17.25,0.0003598408203160375
0,0,attention,17.25,17.5,0.01558514648435505
0,0,attention,17.5,17.75,0.012540731445316311
0,0,attention,17.75,18.0,0.014039389648438316
0,0,attention,18.0,18.25,0.015563871093746684
0,0,attention,18.25,18.5,0.012857147460923812
0,0,attention,18.5,18.75,0
0,0,attention,18.75,19.0,0
0,0,attention,19.0,19.25,0
0,0,attention,19.25,19.5,0
0,0,attention,19.5,19.75,0.00011071972656395701
0,0,attention,19.75,20.0,0.0006917158203130214
0,0,attention,20.0,20.25,0.0008846083984401787
0,0,attention,20.25,20.5,0.0009418867187491742
0,0,attention,20.5,20.75,0.0009139873046990488
0,0,attention,20.75,21.0,0.008545841796884446
0,0,attention,21.0,21.25,0.016377980468735842
0,0,attention,21.25,21.5,0.012429432617182101
0,0,attention,21.5,21.75,0.014453758789077398
0,0,attention,21.75,22.0,0.014675294921875803
0,0,attention,22.0,22.25,0.005337961914069211
0,0,attention,22.25,22.5,0
0,0,attention,22.5,22.75,0
0,0,attention,22.75,23.0,0
0,0,attention,23.0,23.25,0
0,0,attention,23.25,23.5,0.0006375136718830277
0,0,attention,23.5,23.75,0.0007739482421769139
0,0,attention,23.75,24.0,0.0008583691406087723
0,0,attention,24.0,24.25,0.0008858935546776081
0,0,attention,24.25,24.5,0.0019405410156316805
0,0,attention,24.5,24.75,0.01784681640625152
0,0,attention,24.75,25.0,0.01134809179688645
0,0,attention,25.0,25.25,0.014069403320316809
0,0,attention,25.25,25.5,0.014459229492196357
0,0,attention,25.5,25.75,0.010347672851569456
0,0,attention,25.75,26.0,0
0,0,attention,26.0,26.25,0
0,0,attention,26.25,26.5,0
0,0,attention,26.5,26.75,0
0,0,attention,26.75,27.0,0.00035955371093621125
0,0,attention,27.0,27.25,0.0007187519531299813
0,0,attention,27.25,27.5,0.0009411240234342699
0,0,attention,27.5,27.75,0.0009416679687497265
0,0,attention,27.75,28.0,0.0005819238281254968
0,0,attention,28.0,28.25,0.011544053710935032
0,0,attention,28.25,28.5,0.013340924804687404
0,0,attention,28.5,28.75,0.013696380859368418
0,0,attention,28.75,29.0,0.015229419921897858
0,0,attention,29.0,29.25,0.014381621093747299
0,0,attention,29.25,29.35153751171875,0.001245603515624083
0,0,collectives,0.0,0.25,0
0,0,collectives,0.25,0.5,0
0,0,collectives,0.5,0.75,0
0,0,collectives,0.75,1.0,0
0,0,collectives,1.0,1.25,0
0,0,collectives,1.25,1.5,0
0,0,collectives,1.5,1.75,0
0,0,collectives,1.75,2.0,0
0,0,collectives,2.0,2.25,0
0,0,collectives,2.25,2.5,0
0,0,collectives,2.5,2.75,0.13748434863281345
0,0,collectives,2.75,3.0,0.03970140429687419
0,0,collectives,3.0,3.25,0.029634242187500437
0,0,collectives,3.25,3.5,0.029197404296873675
0,0,collectives,3.5,3.75,0.03420359472656287
0,0,collectives,3.75,4.0,0.01544268847656216
0,0,collectives,4.0,4.25,0
0,0,collectives,4.25,4.5,0
0,0,collectives,4.5,4.75,0
0,0,collectives,4.75,5.0,0
0,0,collectives,5.0,5.25,0
0,0,collectives,5.25,5.5,0
0,0,collectives,5.5,5.75,0
0,0,collectives,5.75,6.0,0
0,0,collectives,6.0,6.25,0.10252316015624885
0,0,collectives,6.25,6.5,0.04121109277344015
0,0,collectives,6.5,6.75,0.023015852539058024
0,0,collectives,6.75,7.0,0.02811650878906402
0,0,collectives,7.0,7.25,0.028535799804685347
0,0,collectives,7.25,7.5,0.01401699414062385
0,0,collectives,7.5,7.75,0
0,0,collectives,7.75,8.0,0
0,0,collectives,8.0,8.25,0
0,0,collectives,8.25,8.5,0
0,0,collectives,8.5,8.75,0
0,0,collectives,8.75,9.0,0
0,0,collectives,9.0,9.25,0
0,0,collectives,9.25,9.5,0
0,0,collectives,9.5,9.75,0.03133311035156261
0,0,collectives,9.75,10.0,0.12868143750000094
0,0,collectives,10.0,10.25,0.030752772460941102
0,0,collectives,10.25,10.5,0.043368925781249956
0,0,collectives,10.5,10.75,0.03562383984374762
0,0,collectives,10.75,11.0,0.03250475097656391
0,0,collectives,11.0,11.25,0.005245835937500942
0,0,collectives,11.25,11.5,0
0,0,collectives,11.5,11.75,0
0,0,collectives,11.75,12.0,0
0,0,collectives,12.0,12.25,0
0,0,collectives,12.25,12.5,0
0,0,collectives,12.5,12.75,0
0,0,collectives,12.75,13.0,0
0,0,collectives,13.0,13.25,0
0,0,collectives,13.25,13.5,0.0767591074218732
0,0,collectives,13.5,13.75,0.06750011132812439
0,0,collectives,13.75,14.0,0.04226388867187758
0,0,collectives,14.0,14.25,0.059875684570313226
0,0,collectives,14.25,14.5,0.03330010644531001
0,0,collectives,14.5,14.75,0.013003099609376179
0,0,collectives,14.75,15.0,0
0,0,collectives,15.0,15.25,0
0,0,collectives,15.25,15.5,0
0,0,collectives,15.5,15.75,0
0,0,collectives,15.75,16.0,0
0,0,collectives,16.0,16.25,0
0,0,collectives,16.25,16.5,0
0,0,collectives,16.5,16.75,0
0,0,collectives,16.75,17.0,0
0,0,collectives,17.0,17.25,0.07940495996093588
0,0,collectives,17.25,17.5,0.06926627148436992
0,0,collectives,17.5,17.75,0.03575162792970232
0,0,collectives,17.75,18.0,0.034748393554686174
0,0,collectives,18.0,18.25,0.043193727539062365
0,0,collectives,18.25,18.5,0.06272858007812587
0,0,collectives,18.5,18.75,0.0020985332031244752
0,0,collectives,18.75,19.0,0
0,0,collectives,19.0,19.25,0
0,0,collectives,19.25,19.5,0
0,0,collectives,19.5,19.75,0
0,0,collectives,19.75,20.0,0
0,0,collectives,20.0,20.25,0
0,0,collectives,20.25,20.5,0
0,0,collectives,20.5,20.75,0
0,0,collectives,20.75,21.0,0.09221187207030468
0,0,collectives,21.0,21.25,0.03174748925781401
0,0,collectives,21.25,21.5,0.027474459960945552
0,0,collectives,21.5,21.75,0.030085788085933984
0,0,collectives,21.75,22.0,0.028083067382816296
0,0,collectives,22.0,22.25,0.006734767578127077
0,0,collectives,22.25,22.5,0
0,0,collectives,22.5,22.75,0
0,0,collectives,22.75,23.0,0
0,0,collectives,23.0,23.25,0
0,0,collectives,23.25,23.5,0
0,0,collectives,23.5,23.75,0
0,0,collectives,23.75,24.0,0
0,0,collectives,24.0,24.25,0
0,0,collectives,24.25,24.5,0.04387570898437687
0,0,collectives,24.5,24.75,0.05966950097655399
0,0,collectives,24.75,25.0,0.04583193554687526
0,0,collectives,25.0,25.25,0.03734894433593183
0,0,collectives,25.25,25.5,0.04793239160155949
0,0,collectives,25.5,25.75,0.03049299316404941
0,0,collectives,25.75,26.0,0
0,0,collectives,26.0,26.25,0
0,0,collectives,26.25,26.5,0
0,0,collectives,26.5,26.75,0
0,0,collectives,26.75,27.0,0
0,0,collectives,27.0,27.25,0
0,0,collectives,27.25,27.5,0
0,0,collectives,27.5,27.75,0
0,0,collectives,27.75,28.0,0.029961301757811754
0,0,collectives,28.0,28.25,0.1321436806640648
0,0,collectives,28.25,28.5,0.05808594726562433
0,0,collectives,28.5,28.75,0.04114904492187321
0,0,collectives,28.75,29.0,0.04978045605468395
0,0,collectives,29.0,29.25,0.05063274804688689
0,0,collectives,29.25,29.35153751171875,0.012502300781235931
0,0,convolution,0.0,0.25,0
0,0,convolution,0.25,0.5,0
0,0,convolution,0.5,0.75,0
0,0,convolution,0.75,1.0,0
0,0,convolution,1.0,1.25,0
0,0,convolution,1.25,1.5,0.02115965625000049
0,0,convolution,1.5,1.75,0.05281804687500147
0,0,convolution,1.75,2.0,0.06449547558593904
0,0,convolution,2.0,2.25,0.07350616992186954
0,0,convolution,2.25,2.5,0.05567987890624826
0,0,convolution,2.5,2.75,0
0,0,convolution,2.75,3.0,0
0,0,convolution,3.0,3.25,0
0,0,convolution,3.25,3.5,0
0,0,convolution,3.5,3.75,0
0,0,convolution,3.75,4.0,0
0,0,convolution,4.0,4.25,0
0,0,convolution,4.25,4.5,0
0,0,convolution,4.5,4.75,0
0,0,convolution,4.75,5.0,0
0,0,convolution,5.0,5.25,0.050148940429672884
0,0,convolution,5.25,5.5,0.05949329687500349
0,0,convolution,5.5,5.75,0.07330409570313812
0,0,convolution,5.75,6.0,0.07357533105468761
0,0,convolution,6.0,6.25,0.011252039062491725
0,0,convolution,6.25,6.5,0
0,0,convolution,6.5,6.75,0
0,0,convolution,6.75,7.0,0
0,0,convolution,7.0,7.25,0
0,0,convolution,7.25,7.5,0
0,0,convolution,7.5,7.75,0
0,0,convolution,7.75,8.0,0
0,0,convolution,8.0,8.25,0
0,0,convolution,8.25,8.5,0
0,0,convolution,8.5,8.75,0.02711362011718066
0,0,convolution,8.75,9.0,0.05366355175781479
0,0,convolution,9.0,9.25,0.0708103076172133
0,0,convolution,9.25,9.5,0.07414218457031119
0,0,convolution,9.5,9.75,0.04199834667969782
0,0,convolution,9.75,10.0,0
0,0,convolution,10.0,10.25,0
0,0,convolution,10.25,10.5,0
0,0,convolution,10.5,10.75,0
0,0,convolution,10.75,11.0,0
0,0,convolution,11.0,11.25,0
0,0,convolution,11.25,11.5,0
0,0,convolution,11.5,11.75,0
0,0,convolution,11.75,12.0,0
0,0,convolution,12.0,12.25,0.00012495605468743065
0,0,convolution,12.25,12.5,0.05480537207028746
0,0,convolution,12.5,12.75,0.060927102539032774
0,0,convolution,12.75,13.0,0.07190526074217907
0,0,convolution,13.0,13.25,0.07001045605469969
0,0,convolution,13.25,13.5,0.00997410449217817
0,0,convolution,13.5,13.75,0
0,0,convolution,13.75,14.0,0
0,0,convolution,14.0,14.25,0
0,0,convolution,14.25,14.5,0
0,0,convolution,14.5,14.75,0
0,0,convolution,14.75,15.0,0
0,0,convolution,15.0,15.25,0
0,0,convolution,15.25,15.5,0
0,0,convolution,15.5,15.75,0
0,0,convolution,15.75,16.0,0
0,0,convolution,16.0,16.25,0.04066600390618902
0,0,convolution,16.25,16.5,0.05609244335925112
0,0,convolution,16.5,16.75,0.07114656152341325
0,0,convolution,16.75,17.0,0.07242205957036418
0,0,convolution,17.0,17.25,0.027309666992202608
0,0,convolution,17.25,17.5,0
0,0,convolution,17.5,17.75,0
0,0,convolution,17.75,18.0,0
0,0,convolution,18.0,18.25,0
0,0,convolution,18.25,18.5,0
0,0,convolution,18.5,18.75,0
0,0,convolution,18.75,19.0,0
0,0,convolution,19.0,19.25,0
0,0,convolution,19.25,19.5,0
0,0,convolution,19.5,19.75,0.008522192382795168
0,0,convolution,19.75,20.0,0.05265642382816438
0,0,convolution,20.0,20.25,0.06576102148438068
0,0,convolution,20.25,20.5,0.0734672128906908
0,0,convolution,20.5,20.75,0.06748388671877592
0,0,convolution,20.75,21.0,0
0,0,convolution,21.0,21.25,0
0,0,convolution,21.25,21.5,0
0,0,convolution,21.5,21.75,0
0,0,convolution,21.75,22.0,0
0,0,convolution,22.0,22.25,0
0,0,convolution,22.25,22.5,0
0,0,convolution,22.5,22.75,0
0,0,convolution,22.75,23.0,0
0,0,convolution,23.0,23.25,0
0,0,convolution,23.25,23.5,0.05014559277343977
0,0,convolution,23.5,23.75,0.05592103124994807
0,0,convolution,23.75,24.0,0.06584150292976432
0,0,convolution,24.0,24.25,0.06688760351563516
0,0,convolution,24.25,24.5,0.02881778710938221
0,0,convolution,24.5,24.75,0
0,0,convolution,24.75,25.0,0
0,0,convolution,25.0,25.25,0
0,0,convolution,25.25,25.5,0
0,0,convolution,25.5,25.75,0
0,0,convolution,25.75,26.0,0
0,0,convolution,26.0,26.25,0
0,0,convolution,26.25,26.5,0
0,0,convolution,26.5,26.75,0
0,0,convolution,26.75,27.0,0.026422724609332704
0,0,convolution,27.0,27.25,0.05380074218749442
0,0,convolution,27.25,27.5,0.0724695527343755
0,0,convolution,27.5,27.75,0.07209867871096165
0,0,convolution,27.75,28.0,0.04298087597656064
0,0,convolution,28.0,28.25,0
0,0,convolution,28.25,28.5,0
0,0,convolution,28.5,28.75,0
0,0,convolution,28.75,29.0,0
0,0,convolution,29.0,29.25,0
0,0,convolution,29.25,29.35153751171875,0
0,0,matrix_multiply,0.0,0.25,0
0,0,matrix_multiply,0.25,0.5,0
0,0,matrix_multiply,0.5,0.75,0
0,0,matrix_multiply,0.75,1.0,0
0,0,matrix_multiply,1.0,1.25,0
0,0,matrix_multiply,1.25,1.5,0
0,0,matrix_multiply,1.5,1.75,0
0,0,matrix_multiply,1.75,2.0,0
0,0,matrix_multiply,2.0,2.25,0
0,0,matrix_multiply,2.25,2.5,0
0,0,matrix_multiply,2.5,2.75,0.10384891699218946
0,0,matrix_multiply,2.75,3.0,0.15062187890625056
0,0,matrix_multiply,3.0,3.25,0.18102497753906333
0,0,matrix_multiply,3.25,3.5,0.1946072832031227
0,0,matrix_multiply,3.5,3.75,0.19471526757812674
0,0,matrix_multiply,3.75,4.0,0.07820877343750032
0,0,matrix_multiply,4.0,4.25,0
0,0,matrix_multiply,4.25,4.5,0
0,0,matrix_multiply,4.5,4.75,0
0,0,matrix_multiply,4.75,5.0,0
0,0,matrix_multiply,5.0,5.25,0
0,0,matrix_multiply,5.25,5.5,0
0,0,matrix_multiply,5.5,5.75,0
0,0,matrix_multiply,5.75,6.0,0
0,0,matrix_multiply,6.0,6.25,0.049509217773437086
0,0,matrix_multiply,6.25,6.5,0.17526096582031414
0,0,matrix_multiply,6.5,6.75,0.14833764453126008
0,0,matrix_multiply,6.75,7.0,0.19478827148437183
0,0,matrix_multiply,7.0,7.25,0.1935498906250004
0,0,matrix_multiply,7.25,7.5,0.1369273544921894
0,0,matrix_multiply,7.5,7.75,0
0,0,matrix_multiply,7.75,8.0,0
0,0,matrix_multiply,8.0,8.25,0
0,0,matrix_multiply,8.25,8.5,0
0,0,matrix_multiply,8.5,8.75,0
0,0,matrix_multiply,8.75,9.0,0
0,0,matrix_multiply,9.0,9.25,0
0,0,matrix_multiply,9.25,9.5,0
0,0,matrix_multiply,9.5,9.75,0
0,0,matrix_multiply,9.75,10.0,0.11333840332031642
0,0,matrix_multiply,10.0,10.25,0.14238610058593082
0,0,matrix_multiply,10.25,10.5,0.18936227246093118
0,0,matrix_multiply,10.5,10.75,0.19517728320312955
0,0,matrix_multiply,10.75,11.0,0.19509431640625507
0,0,matrix_multiply,11.0,11.25,0.07127304492187392
0,0,matrix_multiply,11.25,11.5,0
0,0,matrix_multiply,11.5,11.75,0
0,0,matrix_multiply,11.75,12.0,0
0,0,matrix_multiply,12.0,12.25,0
0,0,matrix_multiply,12.25,12.5,0
0,0,matrix_multiply,12.5,12.75,0
0,0,matrix_multiply,12.75,13.0,0
0,0,matrix_multiply,13.0,13.25,0
0,0,matrix_multiply,13.25,13.5,0.07149331054686492
0,0,matrix_multiply,13.5,13.75,0.17795867773437912
0,0,matrix_multiply,13.75,14.0,0.15096780078123828
0,0,matrix_multiply,14.0,14.25,0.1959813437500042
0,0,matrix_multiply,14.25,14.5,0.19455655664062377
0,0,matrix_multiply,14.5,14.75,0.1029304150390633
0,0,matrix_multiply,14.75,15.0,0
0,0,matrix_multiply,15.0,15.25,0
0,0,matrix_multiply,15.25,15.5,0
0,0,matrix_multiply,15.5,15.75,0
0,0,matrix_multiply,15.75,16.0,0
0,0,matrix_multiply,16.0,16.25,0
0,0,matrix_multiply,16.25,16.5,0
0,0,matrix_multiply,16.5,16.75,0
0,0,matrix_multiply,16.75,17.0,0
0,0,matrix_multiply,17.0,17.25,0
0,0,matrix_multiply,17.25,17.5,0.16335898046877517
0,0,matrix_multiply,17.5,17.75,0.14068150878907204
0,0,matrix_multiply,17.75,18.0,0.19591297753903802
0,0,matrix_multiply,18.0,18.25,0.1929394091796901
0,0,matrix_multiply,18.25,18.5,0.19711018359374677
0,0,matrix_multiply,18.5,18.75,0.004738916992192088
0,0,matrix_multiply,18.75,19.0,0
0,0,matrix_multiply,19.0,19.25,0
0,0,matrix_multiply,19.25,19.5,0
0,0,matrix_multiply,19.5,19.75,0
0,0,matrix_multiply,19.75,20.0,0
0,0,matrix_multiply,20.0,20.25,0
0,0,matrix_multiply,20.25,20.5,0
0,0,matrix_multiply,20.5,20.75,0
0,0,matrix_multiply,20.75,21.0,0.09627221679686926
0,0,matrix_multiply,21.0,21.25,0.15572468749999757
0,0,matrix_multiply,21.25,21.5,0.17010216699218716
0,0,matrix_multiply,21.5,21.75,0.19484605566405833
0,0,matrix_multiply,21.75,22.0,0.19404416601562957
0,0,matrix_multiply,22.0,22.25,0.08351591113282808
0,0,matrix_multiply,22.25,22.5,0
0,0,matrix_multiply,22.5,22.75,0
0,0,matrix_multiply,22.75,23.0,0
0,0,matrix_multiply,23.0,23.25,0
0,0,matrix_multiply,23.25,23.5,0
0,0,matrix_multiply,23.5,23.75,0
0,0,matrix_multiply,23.75,24.0,0
0,0,matrix_multiply,24.0,24.25,0
0,0,matrix_multiply,24.25,24.5,0.02946380664060655
0,0,matrix_multiply,24.5,24.75,0.1769788173828033
0,0,matrix_multiply,24.75,25.0,0.14842074609374478
0,0,matrix_multiply,25.0,25.25,0.1957783564453166
0,0,matrix_multiply,25.25,25.5,0.19523159960937164
0,0,matrix_multiply,25.5,25.75,0.14871256054689397
0,0,matrix_multiply,25.75,26.0,0
0,0,matrix_multiply,26.0,26.25,0
0,0,matrix_multiply,26.25,26.5,0
0,0,matrix_multiply,26.5,26.75,0
0,0,matrix_multiply,26.75,27.0,0
0,0,matrix_multiply,27.0,27.25,0
0,0,matrix_multiply,27.25,27.5,0
0,0,matrix_multiply,27.5,27.75,0
0,0,matrix_multiply,27.75,28.0,0
0,0,matrix_multiply,28.0,28.25,0.12869058300781333
0,0,matrix_multiply,28.25,28.5,0.13987690624996674
0,0,matrix_multiply,28.5,28.75,0.19659637500002347
0,0,matrix_multiply,28.75,29.0,0.19379791796875168
0,0,matrix_multiply,29.0,29.25,0.19519573144532032
0,0,matrix_multiply,29.25,29.35153751171875,0.03969496972656117
0,0,other,0.0,0.25,0
0,0,other,0.25,0.5,0
0,0,other,0.5,0.75,0
0,0,other,0.75,1.0,0
0,0,other,1.0,1.25,0
0,0,other,1.25,1.5,0.02900250097656598
0,0,other,1.5,1.75,0.07007247460936417
0,0,other,1.75,2.0,0.084741317382804
0,0,other,2.0,2.25,0.09741976269530284
0,0,other,2.25,2.5,0.07478213476564921
0,0,other,2.5,2.75,0.03209462304688682
0,0,other,2.75,3.0,0.05145864062500305
0,0,other,3.0,3.25,0.042392640625009026
0,0,other,3.25,3.5,0.04175592871093947
0,0,other,3.5,3.75,0.04161519726562135
0,0,other,3.75,4.0,0.015098073242188814
0,0,other,4.0,4.25,0
0,0,other,4.25,4.5,0
0,0,other,4.5,4.75,0
0,0,other,4.75,5.0,0
0,0,other,5.0,5.25,0.06702736230470219
0,0,other,5.25,5.5,0.07839321874998273
0,0,other,5.5,5.75,0.09730039453122785
0,0,other,5.75,6.0,0.09715826074213751
0,0,other,6.0,6.25,0.031972563476553084
0,0,other,6.25,6.5,0.05154097558592863
0,0,other,6.5,6.75,0.04978951855468239
0,0,other,6.75,7.0,0.042879927734356116
0,0,other,7.0,7.25,0.0441062480468819
0,0,other,7.25,7.5,0.02776499023439083
0,0,other,7.5,7.75,0
0,0,other,7.75,8.0,0
0,0,other,8.0,8.25,0
0,0,other,8.25,8.5,0
0,0,other,8.5,8.75,0.03742017382806928
0,0,other,8.75,9.0,0.0705076640624469
0,0,other,9.0,9.25,0.09345696972660633
0,0,other,9.25,9.5,0.0973979326172465
0,0,other,9.5,9.75,0.058438548828174675
0,0,other,9.75,10.0,0.033691338867210874
0,0,other,10.0,10.25,0.05141984667972466
0,0,other,10.25,10.5,0.046130827148441966
0,0,other,10.5,10.75,0.04523232226562257
0,0,other,10.75,11.0,0.04418753515623308
0,0,other,11.0,11.25,0.012849178710919062
0,0,other,11.25,11.5,0
0,0,other,11.5,11.75,0
0,0,other,11.75,12.0,0
0,0,other,12.0,12.25,0.001198211914070768
0,0,other,12.25,12.5,0.07228200000003149
0,0,other,12.5,12.75,0.08089365332029708
0,0,other,12.75,13.0,0.09448787792972269
0,0,other,13.0,13.25,0.09283654980471923
0,0,other,13.25,13.5,0.036932422851565505
0,0,other,13.5,13.75,0.0499843027343605
0,0,other,13.75,14.0,0.050850534179692986
0,0,other,14.0,14.25,0.04735974121090969
0,0,other,14.25,14.5,0.04521599316405478
0,0,other,14.5,14.75,0.037848873046891995
0,0,other,14.75,15.0,0
0,0,other,15.0,15.25,0
0,0,other,15.25,15.5,0
0,0,other,15.5,15.75,0
0,0,other,15.75,16.0,0
0,0,other,16.0,16.25,0.0551139218750194
0,0,other,16.25,16.5,0.07364502246091931
0,0,other,16.5,16.75,0.09394635644535754
0,0,other,16.75,17.0,0.09615777343735488
0,0,other,17.0,17.25,0.03845332031246329
0,0,other,17.25,17.5,0.04905615136714303
0,0,other,17.5,17.75,0.05227224999986291
0,0,other,17.75,18.0,0.04087175976559365
0,0,other,18.0,18.25,0.04205585546873891
0,0,other,18.25,18.5,0.03983478417969266
0,0,other,18.5,18.75,0.00036588574218043846
0,0,other,18.75,19.0,0
0,0,other,19.0,19.25,0
0,0,other,19.25,19.5,0
0,0,other,19.5,19.75,0.012156175781200318
0,0,other,19.75,20.0,0.06955462109366906
0,0,other,20.0,20.25,0.08683821289051252
0,0,other,20.25,20.5,0.09677443164042998
0,0,other,20.5,20.75,0.08907101269513973
0,0,other,20.75,21.0,0.03274897949221156
0,0,other,21.0,21.25,0.05261674707039887
0,0,other,21.25,21.5,0.045294695312517064
0,0,other,21.5,21.75,0.04335775390621066
0,0,other,21.75,22.0,0.04366665234373812
0,0,other,22.0,22.25,0.01637738378910214
0,0,other,22.25,22.5,0
0,0,other,22.5,22.75,0
0,0,other,22.75,23.0,0
0,0,other,23.0,23.25,0
0,0,other,23.25,23.5,0.0670972265624421
0,0,other,23.5,23.75,0.07412300097654523
0,0,other,23.75,24.0,0.08672838378906533
0,0,other,24.0,24.25,0.0883238388669696
0,0,other,24.25,24.5,0.05099968457017212
0,0,other,24.5,24.75,0.05137191796875129
0,0,other,24.75,25.0,0.05050728320316722
0,0,other,25.0,25.25,0.044644027343757386
0,0,other,25.25,25.5,0.044850397460983515
0,0,other,25.5,25.75,0.03254313671881803
0,0,other,25.75,26.0,0
0,0,other,26.0,26.25,0
0,0,other,26.25,26.5,0
0,0,other,26.5,26.75,0
0,0,other,26.75,27.0,0.03597054003903821
0,0,other,27.0,27.25,0.07074555957037632
0,0,other,27.25,27.5,0.09579120507819994
0,0,other,27.5,27.75,0.09539437988277655
0,0,other,27.75,28.0,0.05928921777351803
0,0,other,28.0,28.25,0.037928944335924086
0,0,other,28.25,28.5,0.05289448828108334
0,0,other,28.5,28.75,0.046888883788966496
0,0,other,28.75,29.0,0.047036652343759755
0,0,other,29.0,29.25,0.04636399511715439
0,0,other,29.25,29.35153751171875,0.024180977539092652
