platform,cell,role,workload,size,frames,fps,steps,guardrails,image_digest,replicas,gpus_per_replica,requests_per_replica,attempts,valid_attempts,mean_latency_s,median_latency_s,p95_latency_s,window_s,clip_video_s,valid_clips_per_node_h,valid_video_s_per_node_h,peak_device_memory_mib,comparison_basis,protocol,record
H200,N8,primary,text-to-video,1280x720,189,24,35,off,sha256:6d2630c7d637b699557573f2c3fee8df5d4d0cd718977aa22549ed6a6ef30587,8,1,1,24,24,213.266,213.378,215.569,646.86,7.875,133.6,1051.9,49807,cosmos3_super_serving_v1,v1 harness,records/cells/N8/
H200,N8C2,concurrency,text-to-video; up to two requests in flight per service,1280x720,189,24,35,off,sha256:6d2630c7d637b699557573f2c3fee8df5d4d0cd718977aa22549ed6a6ef30587,8,1,2,24,24,282.527,214.163,422.586,640.757,7.875,134.8,1061.9,49807,cosmos3_super_serving_v1,v1 harness,records/cells/N8C2/
H200,N8R,repeat,text-to-video; N8 repeated later in the session,1280x720,189,24,35,off,sha256:6d2630c7d637b699557573f2c3fee8df5d4d0cd718977aa22549ed6a6ef30587,8,1,1,24,24,213.589,213.298,215.969,648.07,7.875,133.3,1049.9,49841,cosmos3_super_serving_v1,v1 harness,records/cells/N8R/
H200,N8-480,workload,text-to-video at 480p,832x480,189,24,35,off,sha256:6d2630c7d637b699557573f2c3fee8df5d4d0cd718977aa22549ed6a6ef30587,8,1,1,24,24,61.84,61.811,62.423,187.367,7.875,461.1,3631.4,49807,nano_h200_p2_cell,v1 harness with p2-bench.py,records/cells/N8-480/
H200,N8-V2V,workload,video-to-video; first two latent frames conditioned,1280x720,189,24,35,off,sha256:6d2630c7d637b699557573f2c3fee8df5d4d0cd718977aa22549ed6a6ef30587,8,1,1,24,24,216.193,216.282,218.283,654.97,7.875,131.9,1038.8,49807,nano_h200_p2_cell,v1 harness with p2-bench.py,records/cells/N8-V2V/
H200,N8-TE2,workload,edge transfer; NVIDIA cookbook asset,1280x720,121,30,50,off,sha256:6d2630c7d637b699557573f2c3fee8df5d4d0cd718977aa22549ed6a6ef30587,8,1,1,24,24,504.029,503.928,511.212,1533.937,4.0333,56.3,227.2,49841,nano_h200_p2_cell,v1 harness with p2-bench.py,records/cells/N8-TE2/
H200,N8-TD2,workload,depth transfer; NVIDIA cookbook asset,1280x720,121,30,50,off,sha256:6d2630c7d637b699557573f2c3fee8df5d4d0cd718977aa22549ed6a6ef30587,8,1,1,24,24,509.308,509.458,515.704,1545.681,4.0333,55.9,225.5,49841,nano_h200_p2_cell,v1 harness with p2-bench.py,records/cells/N8-TD2/
H200,N8-TL,workload,edge transfer; LeRobot episode at 480p,832x480,192,24,35,off,sha256:6d2630c7d637b699557573f2c3fee8df5d4d0cd718977aa22549ed6a6ef30587,8,1,1,24,24,376.752,376.248,382.994,1144.577,8.0,75.5,603.9,49841,nano_h200_p2_cell,v1 harness with p2-bench.py,records/cells/N8-TL/
H200,N8-G,control,text-to-video with guardrails,1280x720,189,24,35,on,sha256:6d2630c7d637b699557573f2c3fee8df5d4d0cd718977aa22549ed6a6ef30587,8,1,1,24,24,232.763,233.155,234.247,702.768,7.875,122.9,968.2,56121,cosmos3_super_serving_v1,v1 harness,records/cells/N8-G/
H200,N8-V30,control,text-to-video on vLLM-Omni v0.30.0,1280x720,189,24,35,off,sha256:fc77cfaac7b1b43c30cbf32eaea214864434c6e0f303e6e9eb9f64104241a994,8,1,1,24,24,204.129,203.799,206.366,618.554,7.875,139.7,1100.0,47723,cosmos3_super_serving_v1,v1 harness,records/cells/N8-V30/
