task_id,task,instance_id,q,success,simulator_steps,metric_sha256,collection_receipt_sha256
0,turning_on_radio,311,1.0,True,2800,b05fd3f97a43c5cd9f12927a649bbbfc041900a681864965b9650030add2d212,47fda48264663cd330e45f14f36b0282a6334aa43e78613fe90fc940f3de4623
0,turning_on_radio,312,0.0,False,3225,ef0f9668ffe71f993266453cd3d53e60d23116ea9e3a5e6de7350842a0b7400e,47fda48264663cd330e45f14f36b0282a6334aa43e78613fe90fc940f3de4623
0,turning_on_radio,313,0.0,False,3225,b737779c774e5969653d723a6c558debc97e73ad129179e22dce084e92073860,47fda48264663cd330e45f14f36b0282a6334aa43e78613fe90fc940f3de4623
0,turning_on_radio,314,0.0,False,3225,f714e901c8522e77d7f269870ad3d60a238f4841835a47433dbab89e53219bd2,47fda48264663cd330e45f14f36b0282a6334aa43e78613fe90fc940f3de4623
0,turning_on_radio,315,0.0,False,3225,e013d095565e01a4631711ab2fbc89d4271a77b523778ba4e31ffee75c63cbf0,47fda48264663cd330e45f14f36b0282a6334aa43e78613fe90fc940f3de4623
0,turning_on_radio,316,0.0,False,3225,103e92ca85a80cd4e79a5514711ed106b948c21b23f082452f20472f1c1471c8,47fda48264663cd330e45f14f36b0282a6334aa43e78613fe90fc940f3de4623
0,turning_on_radio,317,0.0,False,3225,506637817cb309cf5e4ef379a4ac3cd6dda2ce06506e27a2954d808926b32831,47fda48264663cd330e45f14f36b0282a6334aa43e78613fe90fc940f3de4623
0,turning_on_radio,318,1.0,True,2253,f066f1b6e74b2d8689450c687c02a6bb3c8f544bf2e2c6f2c8be9896e8afdbad,47fda48264663cd330e45f14f36b0282a6334aa43e78613fe90fc940f3de4623
0,turning_on_radio,319,1.0,True,1639,6ee0c0c7e4d7306f8d86b7d85fbeb40ce822a520723b6b7c2248fe5e9e3ef590,47fda48264663cd330e45f14f36b0282a6334aa43e78613fe90fc940f3de4623
0,turning_on_radio,320,1.0,True,2380,f19472070d5da009192ce7d6818abb495b91c7ad17d7a6d7d080c729e78eba02,47fda48264663cd330e45f14f36b0282a6334aa43e78613fe90fc940f3de4623
1,picking_up_trash,311,0.0,False,7902,4e0a1cb9b5660c9a962763ff2400896c68fc3dc09800ad611adceb0ae9369b17,fb209833dfd7c91708ec406791147f7d74a576c455f5db2e9fd209e1e9e9e82d
1,picking_up_trash,312,0.6666666666666666,False,7902,ce3cbdb4c68c41f6ce4d06f2b7a0e91dd1e8f5154fdda8612b4d6465201500c0,fb209833dfd7c91708ec406791147f7d74a576c455f5db2e9fd209e1e9e9e82d
1,picking_up_trash,313,0.0,False,7902,43d8cd6e68b25367998edccd1f3e97c75f648aedb3e4d36333c6090a250522a0,fb209833dfd7c91708ec406791147f7d74a576c455f5db2e9fd209e1e9e9e82d
1,picking_up_trash,314,0.3333333333333333,False,7902,73c3b0d4e522665dd92ebf750bd1704503fbd9257e5ca0eac19830d2358b7ac3,fb209833dfd7c91708ec406791147f7d74a576c455f5db2e9fd209e1e9e9e82d
1,picking_up_trash,315,0.3333333333333333,False,7902,54b8a5ae216dc0ffdfa55f73a810f6390a12967117278fddc1ebf251588b273c,fb209833dfd7c91708ec406791147f7d74a576c455f5db2e9fd209e1e9e9e82d
1,picking_up_trash,316,1.0,True,5191,b6a78e6532ec298c7ef7c172cf767fa8792f96be7de1f83d3cd970ab5edffeda,fb209833dfd7c91708ec406791147f7d74a576c455f5db2e9fd209e1e9e9e82d
1,picking_up_trash,317,0.0,False,7902,1ed19d79e04030c625d8e6209c1f678b1fb74e867d32936a039a808db98f6481,fb209833dfd7c91708ec406791147f7d74a576c455f5db2e9fd209e1e9e9e82d
1,picking_up_trash,318,0.0,False,7902,23964c90335d97d5d58088d8cad68837850b0f9cdac3094a705aa648950c5bfe,fb209833dfd7c91708ec406791147f7d74a576c455f5db2e9fd209e1e9e9e82d
1,picking_up_trash,319,1.0,True,3873,811ab558d4d99c7fcceddeac1461cc3ce2028459e959e2ec8a3a25f456488c23,fb209833dfd7c91708ec406791147f7d74a576c455f5db2e9fd209e1e9e9e82d
1,picking_up_trash,320,0.3333333333333333,False,7902,ef1f91f7532a0e231a15e52d2760ab07efeb0fc08228e0b2b6b760e488eba68f,fb209833dfd7c91708ec406791147f7d74a576c455f5db2e9fd209e1e9e9e82d
8,rearranging_kitchen_furniture,311,0.0,False,13415,daea432ab51a43077a1f5c16dd2d0d86a72375eb7705ac0f5abcb2b29491a462,8708d979d2fb45f32eaa79d8448fc4c4a7a18f7646274e56769815b9d7d4338c
8,rearranging_kitchen_furniture,312,0.0,False,13415,0b77e38a0095c248937b081109723ec76c3b1a6dd496f801fceb84ea3dac0fd4,8708d979d2fb45f32eaa79d8448fc4c4a7a18f7646274e56769815b9d7d4338c
8,rearranging_kitchen_furniture,313,0.0,False,13415,4f67bce6cc3858136b7217a1dc5eaba05b9ad2a4bb29c913d76a417223d0b3a2,8708d979d2fb45f32eaa79d8448fc4c4a7a18f7646274e56769815b9d7d4338c
8,rearranging_kitchen_furniture,314,0.0,False,13415,b02d0af6374856d8c6d7f08001a93791e92c04328f481f3bed4cdbde1bd689d1,8708d979d2fb45f32eaa79d8448fc4c4a7a18f7646274e56769815b9d7d4338c
8,rearranging_kitchen_furniture,315,0.0,False,13415,f7431ec3b109825d909b187ac23e298598281449d6dd044b5557915fd46117d1,8708d979d2fb45f32eaa79d8448fc4c4a7a18f7646274e56769815b9d7d4338c
8,rearranging_kitchen_furniture,316,0.0,False,13415,d845b8ab831c3da84edc1967cbaccc7d458ba9b9a9a04aec6a79449fdec14bb6,8708d979d2fb45f32eaa79d8448fc4c4a7a18f7646274e56769815b9d7d4338c
8,rearranging_kitchen_furniture,317,0.0,False,13415,5e45d453fc65820933ced2aa4d5af3e52de9da727913e5589fcecfce43137e14,8708d979d2fb45f32eaa79d8448fc4c4a7a18f7646274e56769815b9d7d4338c
8,rearranging_kitchen_furniture,318,0.0,False,13415,23a69f0ef6447457a53d1049631e607bb607574e67d56560ca28989f7c2bbeff,8708d979d2fb45f32eaa79d8448fc4c4a7a18f7646274e56769815b9d7d4338c
8,rearranging_kitchen_furniture,319,0.0,False,13415,06554c7d56cd7dd2dd62c4b0b5afc78ff67d585f66240675af7e904d8cd8b3a8,8708d979d2fb45f32eaa79d8448fc4c4a7a18f7646274e56769815b9d7d4338c
8,rearranging_kitchen_furniture,320,0.0,False,13415,77bc2f52d55f6b6068cdd33444da63ceaeb03bfe8cd1a5c518632414efb42e72,8708d979d2fb45f32eaa79d8448fc4c4a7a18f7646274e56769815b9d7d4338c
22,putting_shoes_on_rack,311,0.4,False,11590,7e57c109a12f831277110fa18c9ea2cf14652c9153a96215e13cc0d9ba0313e1,0b59f6bd79f3578e246f676ececc59fbf4b8bc194560b860000b799c2c4fc856
22,putting_shoes_on_rack,312,0.3,False,11590,72071c797c8e14b26acc7370315d6b289fab669baf4173f77763172321abdd2c,0b59f6bd79f3578e246f676ececc59fbf4b8bc194560b860000b799c2c4fc856
22,putting_shoes_on_rack,313,0.5,False,11590,e8596d0c110d1e423505fe26dd67c1edc544b2670b0c1370e5fc51fd2279e085,0b59f6bd79f3578e246f676ececc59fbf4b8bc194560b860000b799c2c4fc856
22,putting_shoes_on_rack,314,0.0,False,11590,a31f78de52f2f07f996b40402f70a78b76150dccf681101784d9e3920e301317,0b59f6bd79f3578e246f676ececc59fbf4b8bc194560b860000b799c2c4fc856
22,putting_shoes_on_rack,315,1.0,True,10889,b7bc063a78c34a420759ea557ec2e0d03037df3d2c042527445ccb966502fb73,0b59f6bd79f3578e246f676ececc59fbf4b8bc194560b860000b799c2c4fc856
22,putting_shoes_on_rack,316,0.2,False,11590,41b26a1fa43c3a050ca8211a3a8735a97dbf1aab0f95d8043eddb71e367b7fc8,0b59f6bd79f3578e246f676ececc59fbf4b8bc194560b860000b799c2c4fc856
22,putting_shoes_on_rack,317,0.2,False,11590,b166b9afa5694422454f12e55dfbb3ef77e56d791028dd0de616d70cdafe25a4,0b59f6bd79f3578e246f676ececc59fbf4b8bc194560b860000b799c2c4fc856
22,putting_shoes_on_rack,318,0.4,False,11590,7065b4de7e092e73edb5696a0376bcc0602332a125dca13bade301bb750eb3a5,0b59f6bd79f3578e246f676ececc59fbf4b8bc194560b860000b799c2c4fc856
22,putting_shoes_on_rack,319,0.8,False,11590,0d5e43a882f1a2ad847eee04742c65fd921a3597531d4c810e59b5aa1504f141,0b59f6bd79f3578e246f676ececc59fbf4b8bc194560b860000b799c2c4fc856
22,putting_shoes_on_rack,320,0.6,False,11590,dc3e2a74c7e2d4b94a50e630e468dd3db12698b574f87e0b8a75c79ff3ec11e7,0b59f6bd79f3578e246f676ececc59fbf4b8bc194560b860000b799c2c4fc856
30,setting_the_fire,311,0.125,False,13678,ae9733a5accf52fbb794860bdfda0e54ed838ac91c78e6bb62dec64e34a2e1f2,34c41cc37d16b2ca3dc2394af78a1e4292f23e9f0db948d65e0c18d4e706ec48
30,setting_the_fire,312,0.5,False,13678,82c90c9a8ffd51810c83bc097a96b466fbaa0b68315454458cb59656da8f1392,34c41cc37d16b2ca3dc2394af78a1e4292f23e9f0db948d65e0c18d4e706ec48
30,setting_the_fire,313,0.25,False,13678,23048e482097b7943d118dfea8bad0c08b61b124b1248e0d85eb2066ed6d1d61,34c41cc37d16b2ca3dc2394af78a1e4292f23e9f0db948d65e0c18d4e706ec48
30,setting_the_fire,314,0.75,False,13678,25abdd1fc42a16d32502830546c58b027f0854edb148cf3d3f4cae54d8b2559f,34c41cc37d16b2ca3dc2394af78a1e4292f23e9f0db948d65e0c18d4e706ec48
30,setting_the_fire,315,0.25,False,13678,67695bc94320cce58ba9c79942feacbe40e16b98453649989703ee6ba175a262,34c41cc37d16b2ca3dc2394af78a1e4292f23e9f0db948d65e0c18d4e706ec48
30,setting_the_fire,316,0.25,False,13678,c092d4492a1d359804349b2cc33ee96ba6f68ca5bd88b43b769979dc032af590,34c41cc37d16b2ca3dc2394af78a1e4292f23e9f0db948d65e0c18d4e706ec48
30,setting_the_fire,317,0.125,False,13678,c397b5a2f645e0cfa22ef993e84f5107d3c59779c2bfd32552f0270f14b75e6a,34c41cc37d16b2ca3dc2394af78a1e4292f23e9f0db948d65e0c18d4e706ec48
30,setting_the_fire,318,0.0,False,13678,bb7a6626a142b0e4eda33b388e02cde52b0f79b1cb8c8b60a7c044b6e3f658cb,34c41cc37d16b2ca3dc2394af78a1e4292f23e9f0db948d65e0c18d4e706ec48
30,setting_the_fire,319,0.0,False,13678,f7e03ea417c73d0b8ffa7171f993e87e65364df6153c564797f031f7d0c2260c,34c41cc37d16b2ca3dc2394af78a1e4292f23e9f0db948d65e0c18d4e706ec48
30,setting_the_fire,320,0.125,False,13678,1fa86fb8f03aaaab69b261c4470a036a9606cb2d881d12ee6f26fc431c9cc314,34c41cc37d16b2ca3dc2394af78a1e4292f23e9f0db948d65e0c18d4e706ec48
45,cook_hot_dogs,311,1.0,True,8650,e0c3fee653bd0b9adcf227185e1ae2bdf9cd58ed5a499ec6d5283c27d6a0b39e,37b532d47c03baa66adc11f1c4012c8e815cc5ea6d82065a6fc4d8e3a4c401b4
45,cook_hot_dogs,312,1.0,True,9111,6832b8599fdc698e57b8cf426c646f2cd2edccff97aee4faae26509b45fe7270,37b532d47c03baa66adc11f1c4012c8e815cc5ea6d82065a6fc4d8e3a4c401b4
45,cook_hot_dogs,313,0.0,False,13718,05348ef166629b0d37f88cb820d4ad8a48fa96f469b6fd5a2306a093117208ad,37b532d47c03baa66adc11f1c4012c8e815cc5ea6d82065a6fc4d8e3a4c401b4
45,cook_hot_dogs,314,0.0,False,13718,f9e94f3115468aabff002a7c2c2a064633b7e55d746372679aa8f7ebe672720b,37b532d47c03baa66adc11f1c4012c8e815cc5ea6d82065a6fc4d8e3a4c401b4
45,cook_hot_dogs,315,1.0,True,6817,d6899bbeca9c6b8b4e88a6b2c7032bf68c8ba18546548cba673494549117678f,37b532d47c03baa66adc11f1c4012c8e815cc5ea6d82065a6fc4d8e3a4c401b4
45,cook_hot_dogs,316,1.0,True,9763,748ad34327da6353622a2d9dddb4eef9352ea67ca22cca394cbe755d05ddd0c7,37b532d47c03baa66adc11f1c4012c8e815cc5ea6d82065a6fc4d8e3a4c401b4
45,cook_hot_dogs,317,1.0,True,8872,ddc11700dda8fb06721d8c88aec417e7a1b61659f7e0150837f01b253dd7cf9d,37b532d47c03baa66adc11f1c4012c8e815cc5ea6d82065a6fc4d8e3a4c401b4
45,cook_hot_dogs,318,0.0,False,13718,5eb4e13b02aa4b99a88478661f64193ef82e6a78de9e33e0ffca9b0a638c9c61,37b532d47c03baa66adc11f1c4012c8e815cc5ea6d82065a6fc4d8e3a4c401b4
45,cook_hot_dogs,319,0.0,False,13718,a2406f855eefd569838d31df3864a16c6f50f2f7c1f53c6d725f675e1d799838,37b532d47c03baa66adc11f1c4012c8e815cc5ea6d82065a6fc4d8e3a4c401b4
45,cook_hot_dogs,320,0.0,False,13718,f16faaf860bd0409ec6af9a8d1fcc232206e6299455a63300ecefc7642c1316b,37b532d47c03baa66adc11f1c4012c8e815cc5ea6d82065a6fc4d8e3a4c401b4
