unix_seconds,monotonic_seconds,sectors_read,sectors_written,io_milliseconds,sector_bytes
1790417260.6222656,25608.895540507,73209652,830456504,1064014,512
1790417261.6225948,25609.89586982,73209652,830456504,1064014,512
1790417262.6229913,25610.896266467,73209652,830456504,1064014,512
1790417263.6233962,25611.896671586,73209652,830456504,1064014,512
1790417264.623797,25612.897072038,73209652,830457736,1064017,512
1790417265.6242356,25613.897510682,73209652,830457744,1064019,512
1790417266.624646,25614.89792104,73209652,830457744,1064019,512
1790417267.6251934,25615.89846846,73209652,830463576,1064048,512
1790417268.6255982,25616.898873076,73209652,830463576,1064048,512
1790417269.626157,25617.899432566,73209652,830463576,1064048,512
1790417270.6265068,25618.899781635,73209652,830464808,1064052,512
1790417271.6269014,25619.900176454,73209652,830464808,1064052,512
1790417272.6272311,25620.900506514,73209652,830464808,1064052,512
1790417273.627573,25621.900848313,73209652,830465056,1064055,512
1790417274.627963,25622.90123815,73209652,830469184,1064067,512
1790417275.6283343,25623.901609671,73209652,830469232,1064070,512
1790417276.6286848,25624.901959665,73209652,830469232,1064070,512
1790417277.6290467,25625.902322038,73209652,830470472,1064074,512
1790417278.629374,25626.902648914,73209652,830470472,1064074,512
1790417279.6297631,25627.903038136,73209652,830470488,1064075,512
1790417280.6301055,25628.903380683,73209652,830470512,1064077,512
1790417281.6304326,25629.903707426,73209652,830470512,1064077,512
1790417282.6308234,25630.90409845,73209652,830470544,1064079,512
1790417283.631169,25631.904444116,73209652,830471776,1064083,512
1790417284.6315155,25632.904790296,73209652,830471776,1064083,512
1790417285.6319275,25633.905202451,73209652,830471776,1064083,512
1790417286.6322765,25634.905551479,73209652,830471776,1064083,512
1790417287.6326313,25635.905906274,73209652,830471776,1064083,512
1790417288.633049,25636.906324186,73209652,830471776,1064083,512
1790417289.6333985,25637.906673385,73209652,830471784,1064086,512
1790417290.6337764,25638.907051651,73209652,830473016,1064090,512
1790417291.6340916,25639.907366337,73209652,830473016,1064090,512
1790417292.6344666,25640.907741797,73209652,830473016,1064090,512
1790417293.6348567,25641.908131944,73209652,830473016,1064090,512
1790417294.6351955,25642.908470405,73209652,830475536,1064132,512
1790417295.6355689,25643.908844024,73209652,830475536,1064132,512
1790417296.6359649,25644.909240332,73209652,830475544,1064134,512
1790417297.6362975,25645.909572266,73209652,830476784,1064139,512
1790417298.6366625,25646.909937491,73209652,830480424,1064144,512
1790417299.6370764,25647.910351677,73209652,830480424,1064144,512
1790417300.6374142,25648.910689263,73209652,830480424,1064144,512
1790417301.6379058,25649.91118093,73209652,830482280,1064176,512
1790417302.6382806,25650.911555886,73209652,830482280,1064176,512
1790417303.638616,25651.911891057,73209652,830483512,1064180,512
1790417304.6389441,25652.912219214,73209652,830483512,1064180,512
1790417305.6393087,25653.912584075,73209652,830483776,1064185,512
1790417306.6396716,25654.912946727,73209652,830483776,1064185,512
1790417307.6400766,25655.913351732,73209652,830483776,1064185,512
1790417308.640445,25656.913720158,73209652,830483776,1064185,512
1790417309.640868,25657.914143078,73209652,830483776,1064185,512
1790417310.641215,25658.914490044,73209652,830485216,1064192,512
1790417311.6415408,25659.914815849,73209652,830485424,1064195,512
1790417312.6419582,25660.915233565,73209652,830485424,1064195,512
1790417313.6422863,25661.915561231,73209652,830485424,1064195,512
1790417314.642613,25662.915887864,73209652,830485424,1064195,512
1790417315.6429582,25663.916233041,73209652,830485424,1064195,512
1790417316.6432924,25664.916567498,73209652,830485424,1064195,512
1790417317.6436586,25665.916933826,73209652,830486656,1064199,512
1790417318.6440244,25666.917299418,73209652,830486656,1064199,512
1790417319.644549,25667.917824047,73209652,830486656,1064199,512
1790417320.6449635,25668.918238738,73209652,830486696,1064200,512
1790417321.6453238,25669.918598849,73209652,830486696,1064200,512
1790417322.6458657,25670.919140841,73209652,830486696,1064200,512
1790417323.6462498,25671.919524787,73209652,830552856,1064219,512
1790417324.64663,25672.919905193,73209652,830552856,1064219,512
1790417325.6470318,25673.92030669,73209652,830552856,1064219,512
1790417326.6474154,25674.920690114,73209652,830552856,1064219,512
1790417327.6477926,25675.921067616,73209652,830552872,1064224,512
1790417328.648154,25676.921429281,73209652,830552872,1064224,512
1790417329.6485384,25677.921813209,73209652,830622192,1064238,512
1790417330.6490872,25678.922362138,73209652,830622232,1064240,512
1790417331.6494768,25679.922752139,73209652,830622232,1064240,512
1790417332.6499546,25680.923229577,73209652,832213016,1064958,512
1790417333.650388,25681.923662942,73209652,833129456,1065953,512
1790417334.6507797,25682.9240549,73209652,834048248,1066953,512
1790417335.6510332,25683.924307975,73209652,834961104,1067946,512
1790417336.6514087,25684.924683651,73209652,835878432,1068937,512
1790417337.6517947,25685.925069635,73209652,836795408,1069931,512
1790417338.6522343,25686.925509099,73209652,837711872,1070926,512
1790417339.652648,25687.92592296,73209652,838627824,1071921,512
1790417340.6530688,25688.926343648,73209652,839542768,1072915,512
1790417341.6533787,25689.926653714,73209652,840461728,1073912,512
1790417342.6536922,25690.926967232,73209652,841377152,1074908,512
1790417343.654121,25691.927395896,73209652,842292296,1075895,512
1790417344.654436,25692.92771119,73209652,843208448,1076892,512
1790417345.7132413,25693.986515886,73209652,844177216,1077943,512
1790417346.753691,25695.026966188,73209652,845129664,1078976,512
1790417347.7539945,25696.027269444,73209652,846045336,1079972,512
1790417348.7542872,25697.027562431,73209652,846962088,1080969,512
1790417349.7545977,25698.027872571,73209652,847878272,1081962,512
1790417350.754929,25699.028204262,73209652,848795976,1082958,512
1790417351.7552369,25700.028511764,73209652,849714720,1083954,512
1790417352.7556233,25701.028898452,73209652,850629864,1084944,512
1790417353.755966,25702.029240768,73209652,851547568,1085942,512
1790417354.756312,25703.029586224,73209652,852465448,1086937,512
1790417355.756763,25704.030037559,73209652,853383704,1087931,512
1790417356.7570448,25705.030319588,73209652,854300864,1088927,512
1790417357.7574635,25706.030738234,73209652,855217048,1089922,512
1790417358.7577717,25707.03104618,73209652,856134848,1090920,512
1790417359.7580445,25708.031319153,73209652,857052232,1091917,512
1790417360.7583807,25709.031655201,73209652,857968960,1092913,512
1790417361.7586563,25710.031930937,73209652,858884680,1093907,512
1790417362.7590847,25711.032359462,73209652,859804952,1094905,512
1790417363.7594244,25712.032699396,73209652,860720608,1095900,512
1790417364.7597053,25713.032980029,73209652,861637296,1096889,512
1790417365.7600932,25714.033367796,73209652,862554520,1097884,512
1790417366.7604213,25715.033696453,73209652,863472344,1098877,512
1790417367.7608275,25716.034102866,73209652,864388000,1099870,512
1790417368.7612412,25717.034516061,73209652,865306232,1100868,512
1790417369.7616532,25718.034928405,73209652,866223936,1101860,512
1790417370.7619994,25719.035274256,73209652,867140512,1102857,512
1790417371.7623725,25720.035647317,73209652,868055400,1103849,512
1790417372.762756,25721.036030807,73209652,868972648,1104843,512
1790417373.763166,25722.036441051,73209652,869891392,1105843,512
1790417374.7634947,25723.036769682,73209652,870808904,1106839,512
1790417375.7638283,25724.037103063,73209652,871725592,1107833,512
1790417376.7642808,25725.037555915,73209652,872640792,1108829,512
1790417377.7645917,25726.03786664,73209652,873556712,1109822,512
1790417378.7649102,25727.038185413,73209652,874473104,1110818,512
1790417379.7652946,25728.03856949,73209652,875389000,1111814,512
1790417380.765606,25729.038880891,73209652,876304008,1112811,512
1790417381.7661326,25730.039407702,73209652,877220720,1113806,512
1790417382.7664897,25731.039764981,73209652,878138920,1114799,512
1790417383.7668214,25732.04009635,73209652,879055080,1115792,512
1790417384.767097,25733.040371984,73209652,879970760,1116786,512
1790417385.7673762,25734.040651044,73209652,880886600,1117781,512
1790417386.8009772,25735.074252039,73209652,881832552,1118806,512
1790417387.8013735,25736.07464835,73209652,882750256,1119800,512
1790417388.801822,25737.075096857,73209652,883668456,1120796,512
1790417389.802241,25738.075516144,73209652,884584728,1121792,512
1790417390.802485,25739.075759304,73209652,885502800,1122790,512
1790417391.802806,25740.076080626,73209652,886418672,1123783,512
1790417392.803149,25741.076423713,73209652,887337672,1124777,512
1790417393.803435,25742.076709541,73209652,888252312,1125772,512
1790417394.803697,25743.076971554,73209652,889168992,1126765,512
1790417395.8039584,25744.077232825,73209652,890087728,1127760,512
1790417396.8041956,25745.077469807,73209652,891004480,1128755,512
1790417397.8045068,25746.07778151,73209652,891921680,1129750,512
1790417398.8047748,25747.078049001,73209652,892839896,1130748,512
1790417399.8050876,25748.078362429,73209652,893757096,1131741,512
1790417400.805374,25749.078648912,73209652,894673264,1132736,512
1790417401.8057072,25750.078982176,73209652,895592000,1133734,512
1790417402.8059947,25751.079269666,73209652,896508168,1134729,512
1790417403.8062875,25752.079562481,73209652,897423392,1135722,512
1790417404.8066063,25753.079881468,73209652,898342488,1136716,512
1790417405.806967,25754.080241383,73209652,899260240,1137715,512
1790417406.8073275,25755.080602036,73209652,900177504,1138707,512
1790417407.807704,25756.080978715,73209652,901095464,1139705,512
1790417408.8079882,25757.081262456,73209652,902011952,1140696,512
1790417409.8082871,25758.081561542,73209652,902927256,1141684,512
1790417410.8086014,25759.081876355,73209652,903842560,1142675,512
1790417411.8089108,25760.082185916,73209652,904758768,1143673,512
1790417412.8091881,25761.082462871,73209652,905675456,1144663,512
1790417413.809497,25762.082771868,73209652,906593152,1145657,512
1790417414.8097706,25763.08304485,73209652,907512424,1146654,512
1790417415.8100483,25764.083322939,73209652,908429144,1147650,512
1790417416.8102949,25765.083569208,73209652,909346856,1148645,512
1790417417.8105135,25766.083787941,73209652,910262168,1149634,512
1790417418.810844,25767.084118753,73209652,911178832,1150626,512
1790417419.8111641,25768.084439066,73209652,912097936,1151622,512
1790417420.8115876,25769.084862541,73209652,913012192,1152612,512
1790417421.812049,25770.085323963,73209652,913929336,1153606,512
1790417422.8125753,25771.085850431,73209652,914846488,1154602,512
1790417423.813099,25772.086373992,73209652,915762504,1155598,512
1790417424.813604,25773.08687918,73209652,916680008,1156592,512
1790417425.8139987,25774.087273752,73209652,917599560,1157586,512
1790417426.8145368,25775.087811741,73209652,918515016,1158580,512
1790417427.8149126,25776.088187655,73209652,919433032,1159576,512
1790417428.8153894,25777.088664268,73209652,920351560,1160574,512
1790417429.8158805,25778.089155394,73209652,921269576,1161570,512
1790417430.8162785,25779.089553521,73209652,922186568,1162565,512
1790417431.816721,25780.089996115,73209652,923102696,1163556,512
1790417432.8172119,25781.090486758,73209652,924021736,1164554,512
1790417433.8177621,25782.09103727,73209652,924939272,1165549,512
1790417434.8182082,25783.091483107,73209652,925855768,1166545,512
1790417435.8186772,25784.091952249,73209652,926771736,1167537,512
1790417436.8190522,25785.092327267,73209652,927691496,1168534,512
1790417437.8195055,25786.092780479,73209652,928608808,1169527,512
1790417438.8199506,25787.093225695,73209652,929523576,1170522,512
1790417439.8203406,25788.093615738,73209652,930441976,1171514,512
1790417440.820669,25789.093943891,73209652,931357160,1172509,512
1790417441.8210914,25790.094366258,73209652,932275096,1173504,512
1790417442.8213913,25791.094666429,73209652,933192936,1174499,512
1790417443.821787,25792.095062052,73209652,934109456,1175494,512
1790417444.8222291,25793.095504228,73209652,935024128,1176483,512
1790417445.8225877,25794.095862793,73209652,935943752,1177476,512
1790417446.8229449,25795.096219775,73209652,936858616,1178468,512
1790417447.823263,25796.096538005,73209652,937776632,1179461,512
1790417448.8235822,25797.096857055,73209652,938694664,1180455,512
1790417449.8239713,25798.097246382,73209652,939611928,1181449,512
1790417450.824279,25799.097553696,73209652,940528920,1182440,512
1790417451.8245814,25800.09785632,73209652,941444888,1183432,512
1790417452.8249786,25801.098253718,73209652,942363680,1184422,512
1790417453.8254204,25802.098695286,73209652,943279216,1185414,512
1790417454.8258398,25803.099114819,73209652,944197608,1186410,512
1790417455.826249,25804.099523917,73209652,945115672,1187406,512
1790417456.8265705,25805.09984543,73209652,946031128,1188401,512
1790417457.8268948,25806.100169673,73209652,946948992,1189398,512
1790417458.827195,25807.100469919,73209652,947865272,1190390,512
1790417459.8276389,25808.100913625,73209652,948783144,1191386,512
1790417460.8279953,25809.101270567,73209652,949699912,1192377,512
1790417461.8283238,25810.101598715,73209652,950617784,1193374,512
1790417462.8286347,25811.101909422,73209652,951534064,1194374,512
1790417463.8290222,25812.102297198,73209652,952451144,1195370,512
1790417464.8293605,25813.102635404,73209652,953368136,1196365,512
1790417465.8297148,25814.102989697,73209652,954284616,1197359,512
1790417466.8300574,25815.103332453,73209652,955203144,1198355,512
1790417467.8303761,25816.103651109,73209652,956121696,1199350,512
1790417468.8307064,25817.103981169,73209652,957038688,1200344,512
1790417469.8310409,25818.104315476,73209652,957955680,1201338,512
1790417470.8313901,25819.10466514,73209652,958871648,1202332,512
1790417471.8316905,25820.104965772,73209652,959790200,1203327,512
1790417472.8321495,25821.105424448,73209652,960707704,1204319,512
1790417473.8325324,25822.10580742,73209652,961625720,1205319,512
1790417474.8328502,25823.106125224,73209652,962540664,1206313,512
1790417475.833233,25824.106508177,73209652,963458168,1207308,512
1790417476.8335161,25825.106791266,73209652,964376696,1208304,512
1790417477.8339539,25826.107228679,73209652,965293688,1209299,512
1790417478.8342392,25827.107513999,73209652,966211208,1210294,512
1790417479.8345914,25828.107866314,73209652,967129736,1211290,512
1790417480.8349545,25829.108229238,73209652,968045192,1212283,512
1790417481.8352509,25830.108525682,73209652,968963720,1213278,512
1790417482.8356555,25831.108930307,73209652,969879936,1214275,512
1790417483.8360784,25832.109353278,73209652,970797048,1215266,512
1790417484.8363748,25833.109649378,73209652,971715336,1216258,512
1790417485.8368373,25834.11011232,73209652,972630328,1217254,512
1790417486.837125,25835.110400441,73209652,973548712,1218253,512
1790417487.8373532,25836.110627412,73209652,974466088,1219251,512
1790417488.8377123,25837.110986707,73209652,975381768,1220244,512
1790417489.8380136,25838.111288366,73209652,976299072,1221243,512
1790417490.8383627,25839.111636933,73209652,977215392,1222239,512
1790417491.8388188,25840.112093517,73209652,978132696,1223236,512
1790417492.839163,25841.112438236,73209652,979049784,1224231,512
1790417493.8394253,25842.112699825,73209652,979964816,1225225,512
1790417494.839757,25843.113031573,73209652,980882408,1226218,512
1790417495.8400605,25844.113335583,73209652,981800656,1227214,512
1790417496.8404226,25845.113697287,73209652,982717136,1228206,512
1790417497.8407576,25846.114032203,73209652,983634640,1229202,512
1790417498.8411715,25847.11444607,73209652,984550608,1230196,512
1790417499.8414593,25848.114733395,73209652,985468576,1231193,512
1790417500.8418288,25849.115103119,73209652,986385568,1232185,512
1790417501.8420732,25850.115348185,73209652,987304608,1233187,512
1790417502.842345,25851.115619513,73209652,988221088,1234179,512
1790417503.8426208,25852.115895455,73209652,989138120,1235171,512
1790417504.8429627,25853.116236996,73209652,990056792,1236167,512
1790417505.8432176,25854.116492479,73209652,990972248,1237161,512
1790417506.8435373,25855.116812687,73209652,991890776,1238159,512
1790417507.8438873,25856.117162428,73209652,992807568,1239153,512
1790417508.8441725,25857.117447497,73209652,993725592,1240152,512
1790417509.844653,25858.117927852,73209652,994641344,1241147,512
1790417510.844942,25859.118216571,73209652,995558360,1242140,512
1790417511.8453367,25860.118611621,73209652,996475352,1243135,512
1790417512.8458724,25861.119147308,73209652,997394904,1244133,512
1790417513.8463495,25862.1196249,73209652,998310360,1245130,512
1790417514.846682,25863.119957392,73209652,999227864,1246123,512
1790417515.8471498,25864.120424698,73209652,1000145376,1247117,512
1790417516.949502,25865.222777038,73209652,1001157152,1248212,512
1790417517.9499588,25866.223233806,73209652,1002072144,1249203,512
1790417518.9503863,25867.223661213,73209652,1002990672,1250196,512
1790417519.950911,25868.224185946,73209652,1003908176,1251193,512
1790417520.9513702,25869.224645511,73209652,1004825712,1252184,512
1790417521.9518454,25870.22512037,73209652,1005743432,1253178,512
1790417522.9521732,25871.225448451,73209652,1006659680,1254174,512
1790417523.9525776,25872.225852674,73209652,1007576880,1255171,512
1790417524.9529507,25873.226225931,73209652,1008492216,1256164,512
1790417525.953325,25874.226599861,73209652,1009408776,1257155,512
1790417526.9538379,25875.227112816,73209652,1010326328,1258154,512
1790417527.9543605,25876.227635444,73209652,1011245104,1259151,512
1790417528.9547093,25877.227984469,73209652,1012162632,1260142,512
1790417529.955076,25878.228351497,73209652,1013079392,1261137,512
1790417530.9554186,25879.228693578,73209652,1013993656,1262130,512
1790417531.9558735,25880.229148541,73209652,1014910912,1263129,512
1790417532.9562888,25881.229563857,73209652,1015828672,1264125,512
1790417533.956879,25882.230153671,73209652,1016746688,1265120,512
1790417534.9573977,25883.230672644,73209652,1017665728,1266116,512
1790417535.9578495,25884.231124496,73209652,1018580672,1267106,512
1790417536.9582543,25885.23152916,73209652,1019499712,1268105,512
1790417537.9586046,25886.231879642,73209652,1020414656,1269098,512
1790417538.9589221,25887.232197254,73209652,1021334040,1270094,512
1790417540.0482962,25888.321571082,73209652,1022334472,1271176,512
1790417541.0485399,25889.321814346,73209652,1023250952,1272170,512
1790417542.0489037,25890.322178593,73209652,1024167432,1273164,512
1790417543.0491838,25891.322459304,73209652,1025086472,1274162,512
1790417544.0496135,25892.322888395,73209652,1026003976,1275160,512
1790417545.0498762,25893.323150707,73209652,1026920816,1276155,512
1790417546.0501022,25894.323376848,73209652,1027836784,1277148,512
1790417547.0504735,25895.32374879,73209652,1028755344,1278146,512
1790417548.0508146,25896.324090025,73209652,1029670840,1279139,512
1790417549.0513017,25897.324576515,73209652,1030589920,1280137,512
1790417550.0518146,25898.325090202,73209652,1031507424,1281132,512
1790417551.052292,25899.325567107,73209652,1032424064,1282126,512
1790417552.0526175,25900.325892396,73209652,1033341056,1283119,512
1790417553.0531135,25901.326388293,73209652,1034259704,1284113,512
1790417554.053414,25902.326689011,73209652,1035175696,1285107,512
1790417555.0537133,25903.326988368,73209652,1036092352,1286101,512
1790417556.0540357,25904.327310481,73209652,1037009856,1287095,512
1790417557.054316,25905.327590848,73209652,1037926848,1288088,512
1790417558.0546227,25906.327897933,73209652,1038846912,1289084,512
1790417559.0549378,25907.328212873,73209652,1039762088,1290081,512
1790417560.0552492,25908.32852418,73209652,1040675960,1291069,512
1790417561.0555544,25909.328829214,73209652,1041593032,1292059,512
1790417562.1022103,25910.375485254,73209652,1042551424,1293096,512
1790417563.1025314,25911.375806343,73209652,1043468856,1294084,512
1790417564.1028824,25912.376157257,73209652,1044384608,1295076,512
1790417565.1031911,25913.376466035,73209652,1045302384,1296066,512
1790417566.1035113,25914.376786257,73209652,1046221352,1297058,512
1790417567.1038773,25915.377152499,73209652,1047137608,1298052,512
1790417568.1041968,25916.377471795,73209652,1048053800,1299045,512
1790417569.1045182,25917.377793551,73209652,1048970792,1300040,512
1790417570.10486,25918.378135376,73209652,1049886792,1301038,512
1790417571.1051688,25919.378443962,73209652,1050800688,1302029,512
1790417572.1054754,25920.378750313,73209652,1051718776,1303026,512
1790417573.1058347,25921.379109946,73209652,1052634232,1304018,512
1790417574.10615,25922.379424749,73209652,1053551752,1305013,512
1790417575.106471,25923.379746036,73209652,1054469256,1306007,512
1790417576.1068165,25924.380091623,73209652,1055387272,1307002,512
1790417577.1071336,25925.380408627,73209652,1056304784,1307996,512
1790417578.1074448,25926.380719669,73209652,1057222800,1308991,512
1790417579.1077955,25927.381070538,73209652,1058139096,1309983,512
1790417580.1081161,25928.381391174,73209652,1059056600,1310979,512
1790417581.1084313,25929.381706309,73209652,1059972616,1311976,512
1790417582.1087844,25930.382059537,73209652,1060889096,1312964,512
1790417583.109107,25931.38238202,73209652,1061808136,1313961,512
1790417584.1094208,25932.382695893,73209652,1062724600,1314948,512
1790417585.1097581,25933.383033285,73209652,1063643808,1315938,512
1790417586.110013,25934.383287929,73209652,1064556392,1316926,512
1790417587.110324,25935.383598796,73209652,1065473896,1317921,512
1790417588.110653,25936.383927772,73209652,1066392008,1318906,512
1790417589.1109822,25937.384257113,73209652,1067308760,1319899,512
1790417590.1113338,25938.384608971,73209652,1067736568,1320364,512
1790417591.111665,25939.384939917,73209652,1067736568,1320364,512
1790417592.112156,25940.385431002,73209652,1067736592,1320366,512
1790417593.112506,25941.385780694,73209652,1067736592,1320366,512
1790417594.1128857,25942.38616081,73209652,1067736592,1320366,512
1790417595.1132238,25943.386498941,73209652,1069207128,1320975,512
1790417596.113622,25944.386897034,73209652,1070112288,1321969,512
1790417597.1141624,25945.387437356,73209652,1071021360,1322962,512
1790417598.1145415,25946.387816655,73209652,1071934664,1323954,512
1790417599.1149318,25947.388206757,73209652,1072848352,1324948,512
1790417600.115252,25948.388526819,73209652,1073760912,1325939,512
1790417601.1155822,25949.388857103,73209652,1074677200,1326935,512
1790417602.1158962,25950.389171205,73209652,1075588600,1327927,512
1790417603.1161933,25951.389468178,73209652,1076503008,1328924,512
1790417604.1165156,25952.38979053,73209652,1077419016,1329917,512
1790417605.1168485,25953.39012305,73209652,1078335928,1330911,512
1790417606.1173413,25954.39061604,73209652,1079252936,1331908,512
1790417607.1177087,25955.390983498,73209652,1080170560,1332905,512
1790417608.1181707,25956.39144518,73209652,1081088032,1333902,512
1790417609.118438,25957.391712332,73209652,1082005024,1334894,512
1790417610.1188831,25958.392157382,73209652,1082920664,1335890,512
1790417611.1191852,25959.39246034,73209652,1083837448,1336884,512
1790417612.1194777,25960.392752273,73209652,1084754408,1337877,512
1790417613.1198745,25961.393149608,73209652,1085671408,1338871,512
1790417614.1202857,25962.393560833,73209652,1086586904,1339867,512
1790417615.1208107,25963.394085943,73209652,1087505728,1340866,512
1790417616.1211414,25964.394416361,73209652,1088423848,1341860,512
1790417617.121609,25965.39488342,73209652,1089341352,1342857,512
1790417618.1220257,25966.395300095,73209652,1090258896,1343851,512
1790417619.1223195,25967.395593786,73209652,1091175376,1344847,512
1790417620.1226883,25968.395962689,73209652,1092093920,1345844,512
1790417621.1229591,25969.396233986,73209652,1093010400,1346837,512
1790417622.1232007,25970.396475611,73209652,1093926880,1347830,512
1790417623.1234558,25971.396730667,73209652,1094845408,1348826,512
1790417624.1236925,25972.396967415,73209652,1095760888,1349822,512
1790417625.1240335,25973.397308195,73209652,1096677880,1350817,512
1790417626.1243188,25974.397593712,73209652,1097595744,1351814,512
1790417627.1247766,25975.39805186,73209652,1098510704,1352807,512
1790417628.1252232,25976.398498007,73209652,1099431280,1353806,512
1790417629.1256497,25977.398924638,73209652,1100347792,1354795,512
1790417630.1373932,25978.410668251,73209652,1101273808,1355795,512
1790417631.1377807,25979.411055725,73209652,1102193112,1356788,512
1790417632.1381152,25980.411390052,73209652,1103109784,1357783,512
1790417633.1384807,25981.411755691,73209652,1104027608,1358777,512
1790417634.1388962,25982.412171247,73209652,1104942952,1359769,512
1790417635.139217,25983.412491553,73209652,1105862120,1360767,512
1790417636.1394536,25984.412727932,73209652,1106779856,1361760,512
1790417637.1397123,25985.412986905,73209652,1107694432,1362753,512
1790417638.1401641,25986.41343885,73209652,1108612640,1363748,512
1790417639.1404688,25987.413743164,73209652,1109531872,1364748,512
1790417640.1408894,25988.414163626,73209652,1110449072,1365741,512
1790417641.141249,25989.414524241,73209652,1111364920,1366734,512
1790417642.1415129,25990.414787278,73209652,1112282192,1367728,512
1790417643.141932,25991.41520718,73209652,1113199880,1368724,512
1790417644.2548037,25992.528078769,73209652,1114219464,1369828,512
1790417645.3784366,25993.651711851,73209652,1115252048,1370945,512
1790417646.3787549,25994.652029238,73209652,1116169080,1371940,512
1790417647.392184,25995.665458668,73209652,1117096408,1372943,512
1790417648.392566,25996.665840601,73209652,1118013352,1373933,512
1790417649.392892,25997.666166271,73209652,1118931344,1374930,512
1790417650.393169,25998.666443712,73209652,1119848528,1375922,512
1790417651.3935735,25999.666848611,73209652,1120766216,1376917,512
1790417652.393861,26000.667136216,73209652,1121681864,1377912,512
1790417653.3941805,26001.66745579,73209652,1122601256,1378910,512
1790417654.394523,26002.667797263,73209652,1123516904,1379900,512
1790417655.3948603,26003.668134618,73209652,1124433952,1380896,512
1790417656.4451487,26004.718423263,73209652,1125398416,1381941,512
1790417657.445376,26005.718650318,73209652,1126315600,1382934,512
1790417658.4456303,26006.718904955,73209652,1127231952,1383926,512
1790417659.4458768,26007.719150991,73209652,1128150144,1384921,512
1790417660.4461486,26008.719423345,73209652,1129066000,1385914,512
1790417661.4464445,26009.719719237,73209652,1129982312,1386905,512
1790417662.4468515,26010.720125964,73209652,1130901744,1387904,512
1790417663.4471343,26011.720408679,73209652,1131818584,1388896,512
1790417664.4473782,26012.720652469,73209652,1132737232,1389892,512
1790417665.447607,26013.720881641,73209652,1133653048,1390887,512
1790417666.4478703,26014.721145194,73209652,1134569720,1391880,512
1790417667.448173,26015.72144769,73209652,1135487008,1392874,512
1790417668.448439,26016.721713449,73209652,1136404704,1393871,512
1790417669.4486842,26017.721959313,73209652,1137320200,1394863,512
1790417670.5074039,26018.780678535,73209652,1138292472,1395917,512
1790417671.507814,26019.781089005,73209652,1139209808,1396909,512
1790417672.508051,26020.781325059,73209652,1140128104,1397905,512
1790417673.5084145,26021.78168891,73209652,1141042720,1398898,512
1790417674.5087862,26022.782061384,73209652,1141960416,1399894,512
1790417675.5091205,26023.782395358,73209652,1142878312,1400891,512
1790417676.5094385,26024.782713666,73209652,1143794816,1401885,512
1790417677.509863,26025.783137964,73209652,1144712280,1402877,512
1790417678.5103352,26026.783610192,73209652,1145632016,1403876,512
1790417679.5106742,26027.783949183,73209652,1146548320,1404872,512
1790417680.5110323,26028.784307275,73209652,1147464048,1405862,512
1790417681.511346,26029.784621037,73209652,1148381400,1406857,512
1790417682.5116704,26030.784945308,73209652,1149298328,1407849,512
1790417683.5121045,26031.785379651,73209652,1150215520,1408848,512
1790417684.5124314,26032.785706459,73209652,1151134232,1409845,512
1790417685.512783,26033.786058076,73209652,1152050904,1410840,512
1790417686.5130875,26034.786362328,73209652,1152968800,1411837,512
1790417687.5134113,26035.786686122,73209652,1153885120,1412828,512
1790417688.5137696,26036.787044662,73209652,1154802320,1413823,512
1790417689.5141313,26037.787406066,73209652,1155722064,1414821,512
1790417690.5144773,26038.787752196,73209652,1156636696,1415812,512
1790417691.5148082,26039.788083163,73209652,1157554920,1416809,512
1790417692.5151467,26040.788421913,73209652,1158474016,1417806,512
1790417693.515573,26041.788848103,73209652,1159388920,1418800,512
1790417694.5159514,26042.789226253,73209652,1160306640,1419792,512
1790417695.5162363,26043.789511058,73209652,1161223320,1420788,512
1790417696.5165637,26044.789838403,73209652,1162141520,1421782,512
1790417697.5169065,26045.790181268,73209652,1163057696,1422777,512
1790417698.5172663,26046.790540786,73209652,1163974584,1423772,512
1790417699.5176601,26047.790935029,73209652,1164893304,1424767,512
1790417700.518128,26048.791402871,73209652,1165812032,1425763,512
1790417701.5185673,26049.791842319,73209652,1166728696,1426757,512
1790417702.5189245,26050.792199498,73209652,1167644904,1427751,512
1790417703.5192618,26051.792536987,73209652,1168561632,1428744,512
1790417704.5195894,26052.792864271,73209652,1169480072,1429736,512
1790417705.5199447,26053.793219849,73209652,1170396744,1430729,512
1790417706.5202484,26054.793523229,73209652,1171313368,1431725,512
1790417707.5205789,26055.793853906,73209652,1172231064,1432720,512
1790417708.5209792,26056.794254059,73209652,1173146024,1433714,512
1790417709.5212352,26057.794509981,73209652,1174066216,1434709,512
1790417710.5215158,26058.79479048,73209652,1174983544,1435695,512
1790417711.5219028,26059.795177991,73209652,1175899536,1436684,512
1790417712.522188,26060.795462836,73209652,1176818024,1437670,512
1790417713.522607,26061.795882491,73209652,1176923472,1437807,512
1790417714.523054,26062.796329156,73209652,1176923472,1437807,512
1790417715.5234163,26063.796691367,73209652,1176923768,1437811,512
1790417716.5238853,26064.79716097,73209652,1176923768,1437811,512
1790417717.5243433,26065.797618685,73209652,1176923936,1437820,512
1790417718.5247104,26066.79798543,73209652,1176924808,1437838,512
1790417719.5252042,26067.798479802,73209652,1176924808,1437838,512
1790417720.525657,26068.798932392,73209652,1176924808,1437838,512
1790417721.5260453,26069.799320251,73209652,1176924808,1437838,512
1790417722.5263581,26070.799632862,73209652,1176925200,1437844,512
1790417723.5267866,26071.800061744,73209652,1176925200,1437844,512
1790417724.5271454,26072.800420597,73209652,1176925200,1437844,512
1790417725.5274704,26073.800745277,73209652,1176925200,1437844,512
1790417726.5279107,26074.801186083,73209652,1176925200,1437844,512
1790417727.5283904,26075.801665819,73209652,1176925200,1437844,512
1790417728.5288427,26076.802117889,73209652,1176925200,1437844,512
1790417729.529249,26077.80252411,73209652,1176925200,1437844,512
1790417730.5297067,26078.802982983,73209652,1176925200,1437844,512
1790417731.5300925,26079.803367574,73209652,1176925368,1437845,512
1790417732.5305035,26080.80377855,73209652,1176925368,1437845,512
1790417733.5309606,26081.804235788,73209652,1176925376,1437846,512
1790417734.5313072,26082.804582286,73209652,1176925440,1437848,512
1790417735.5315788,26083.80485342,73209652,1176925440,1437848,512
1790417736.532004,26084.80527929,73209652,1176925440,1437848,512
1790417737.5323544,26085.805629501,73209652,1176925440,1437848,512
1790417738.5326817,26086.805956718,73209652,1176925440,1437848,512
1790417739.5331717,26087.80644722,73209652,1176929104,1437851,512
1790417740.533612,26088.806887215,73209652,1176929104,1437851,512
1790417741.5340383,26089.807313435,73209652,1176929104,1437851,512
1790417742.5344722,26090.807747592,73209652,1176929144,1437854,512
1790417743.5348833,26091.808158335,73209652,1176935184,1437860,512
1790417744.5352166,26092.808491958,73209652,1176935184,1437860,512
1790417745.5356433,26093.808918568,73209652,1176935184,1437860,512
1790417746.536118,26094.80939353,73209652,1176935184,1437860,512
1790417747.5364668,26095.809741915,73209652,1176935184,1437860,512
1790417748.5368288,26096.810103882,73209652,1176936248,1437867,512
1790417749.5372124,26097.810487535,73209652,1176936272,1437869,512
1790417750.5375493,26098.810824518,73209652,1176936272,1437869,512
1790417751.5379186,26099.811193447,73209652,1176936272,1437869,512
1790417752.5383596,26100.81163515,73209652,1176936272,1437869,512
1790417753.5388782,26101.812153564,73209652,1176936272,1437869,512
1790417754.539226,26102.812501074,73209652,1176937728,1437876,512
1790417755.5396233,26103.812898553,73209652,1176937728,1437876,512
1790417756.540047,26104.813322374,73209652,1176937728,1437876,512
