platform,cell,role,replicas,gpus_per_replica,requests_per_replica,attempts,valid_attempts,mean_latency_s,median_latency_s,p95_latency_s,window_s,valid_video_s_per_node_h,comparison_basis,source_commit,source_record_sha256,source_url
B200,T1_1x8,primary,1,8,1,24,24,68.546,68.537,68.734,1645.238747,413.6,b200_single_node_20260831,951dc1162fcc6c47d694e29616a1f833f293b877,18cf5ae1d118e07f3f2111b56a3e02c76eb9282d847a78005c6ca060f8106221,https://github.com/stewtong/cosmos3-super-serving/blob/951dc1162fcc6c47d694e29616a1f833f293b877/results/b200-single-node-20260831.json
B200,T2_2x4,primary,2,4,1,24,24,121.509,121.526,121.67,1459.077709,466.3,b200_single_node_20260831,951dc1162fcc6c47d694e29616a1f833f293b877,18cf5ae1d118e07f3f2111b56a3e02c76eb9282d847a78005c6ca060f8106221,https://github.com/stewtong/cosmos3-super-serving/blob/951dc1162fcc6c47d694e29616a1f833f293b877/results/b200-single-node-20260831.json
B200,T3_4x2,primary,4,2,1,24,24,212.423,212.293,214.576,1286.29087,529.0,b200_single_node_20260831,951dc1162fcc6c47d694e29616a1f833f293b877,18cf5ae1d118e07f3f2111b56a3e02c76eb9282d847a78005c6ca060f8106221,https://github.com/stewtong/cosmos3-super-serving/blob/951dc1162fcc6c47d694e29616a1f833f293b877/results/b200-single-node-20260831.json
B200,T4_8x1,primary,8,1,1,24,24,378.109,377.885,384.779,1154.302942,589.4,b200_single_node_20260831,951dc1162fcc6c47d694e29616a1f833f293b877,18cf5ae1d118e07f3f2111b56a3e02c76eb9282d847a78005c6ca060f8106221,https://github.com/stewtong/cosmos3-super-serving/blob/951dc1162fcc6c47d694e29616a1f833f293b877/results/b200-single-node-20260831.json
B200,T1C2,concurrency,1,8,2,24,24,100.861,100.91,132.897,1593.481317,427.0,b200_single_node_20260831,951dc1162fcc6c47d694e29616a1f833f293b877,18cf5ae1d118e07f3f2111b56a3e02c76eb9282d847a78005c6ca060f8106221,https://github.com/stewtong/cosmos3-super-serving/blob/951dc1162fcc6c47d694e29616a1f833f293b877/results/b200-single-node-20260831.json
B200,T2C2,concurrency,2,4,2,24,24,179.498,179.262,238.337,1429.220695,476.1,b200_single_node_20260831,951dc1162fcc6c47d694e29616a1f833f293b877,18cf5ae1d118e07f3f2111b56a3e02c76eb9282d847a78005c6ca060f8106221,https://github.com/stewtong/cosmos3-super-serving/blob/951dc1162fcc6c47d694e29616a1f833f293b877/results/b200-single-node-20260831.json
B200,T3C2,concurrency,4,2,2,24,24,316.03,315.174,423.462,1270.70159,535.5,b200_single_node_20260831,951dc1162fcc6c47d694e29616a1f833f293b877,18cf5ae1d118e07f3f2111b56a3e02c76eb9282d847a78005c6ca060f8106221,https://github.com/stewtong/cosmos3-super-serving/blob/951dc1162fcc6c47d694e29616a1f833f293b877/results/b200-single-node-20260831.json
B200,T4C2,concurrency,8,1,2,24,24,502.579,381.709,761.937,1149.739223,591.8,b200_single_node_20260831,951dc1162fcc6c47d694e29616a1f833f293b877,18cf5ae1d118e07f3f2111b56a3e02c76eb9282d847a78005c6ca060f8106221,https://github.com/stewtong/cosmos3-super-serving/blob/951dc1162fcc6c47d694e29616a1f833f293b877/results/b200-single-node-20260831.json
B200,T1R,repeat,1,8,1,24,24,68.629,68.601,68.892,1647.243403,413.1,b200_single_node_20260831,951dc1162fcc6c47d694e29616a1f833f293b877,18cf5ae1d118e07f3f2111b56a3e02c76eb9282d847a78005c6ca060f8106221,https://github.com/stewtong/cosmos3-super-serving/blob/951dc1162fcc6c47d694e29616a1f833f293b877/results/b200-single-node-20260831.json
B200,T1C2R,repeat,1,8,2,24,24,101.019,101.082,133.116,1595.73161,426.4,b200_single_node_20260831,951dc1162fcc6c47d694e29616a1f833f293b877,18cf5ae1d118e07f3f2111b56a3e02c76eb9282d847a78005c6ca060f8106221,https://github.com/stewtong/cosmos3-super-serving/blob/951dc1162fcc6c47d694e29616a1f833f293b877/results/b200-single-node-20260831.json
H200,H1_1x8,primary,1,8,1,24,24,123.282,123.295,123.424,2958.917516,229.9,h200_single_node_20260831,951dc1162fcc6c47d694e29616a1f833f293b877,c7746bbcfcadca551ad12898130c0fa1872767d98ff03183bb185ddaa2187135,https://github.com/stewtong/cosmos3-super-serving/blob/951dc1162fcc6c47d694e29616a1f833f293b877/results/h200-single-node-20260831.json
H200,H2_2x4,primary,2,4,1,24,24,229.984,229.911,231.642,2770.703849,245.6,h200_single_node_20260831,951dc1162fcc6c47d694e29616a1f833f293b877,c7746bbcfcadca551ad12898130c0fa1872767d98ff03183bb185ddaa2187135,https://github.com/stewtong/cosmos3-super-serving/blob/951dc1162fcc6c47d694e29616a1f833f293b877/results/h200-single-node-20260831.json
H200,H3_4x2,primary,4,2,1,24,24,416.514,416.524,417.965,2506.638778,271.4,h200_single_node_20260831,951dc1162fcc6c47d694e29616a1f833f293b877,c7746bbcfcadca551ad12898130c0fa1872767d98ff03183bb185ddaa2187135,https://github.com/stewtong/cosmos3-super-serving/blob/951dc1162fcc6c47d694e29616a1f833f293b877/results/h200-single-node-20260831.json
H200,H4_8x1,primary,8,1,1,24,24,779.046,779.716,784.516,2353.690025,289.1,h200_single_node_20260831,951dc1162fcc6c47d694e29616a1f833f293b877,c7746bbcfcadca551ad12898130c0fa1872767d98ff03183bb185ddaa2187135,https://github.com/stewtong/cosmos3-super-serving/blob/951dc1162fcc6c47d694e29616a1f833f293b877/results/h200-single-node-20260831.json
H200,H2C2,concurrency,2,4,2,24,24,342.181,341.89,455.381,2731.556861,249.1,h200_single_node_20260831,951dc1162fcc6c47d694e29616a1f833f293b877,c7746bbcfcadca551ad12898130c0fa1872767d98ff03183bb185ddaa2187135,https://github.com/stewtong/cosmos3-super-serving/blob/951dc1162fcc6c47d694e29616a1f833f293b877/results/h200-single-node-20260831.json
H200,H3C2,concurrency,4,2,2,24,24,623.198,621.034,831.786,2495.415632,272.7,h200_single_node_20260831,951dc1162fcc6c47d694e29616a1f833f293b877,c7746bbcfcadca551ad12898130c0fa1872767d98ff03183bb185ddaa2187135,https://github.com/stewtong/cosmos3-super-serving/blob/951dc1162fcc6c47d694e29616a1f833f293b877/results/h200-single-node-20260831.json
H200,H1R,repeat,1,8,1,24,24,123.341,123.356,123.487,2960.326671,229.8,h200_single_node_20260831,951dc1162fcc6c47d694e29616a1f833f293b877,c7746bbcfcadca551ad12898130c0fa1872767d98ff03183bb185ddaa2187135,https://github.com/stewtong/cosmos3-super-serving/blob/951dc1162fcc6c47d694e29616a1f833f293b877/results/h200-single-node-20260831.json
